"IDStazione";"StazioneExtra";"Nome";"Comune";"Provincia";"Fiume";"Strumento";"Unita' Misura";"IDSensoreRete";"LAT [°]";"LON [°]";"GB E [m]";"GB N [m]";"Quota";"QuotaTerra"
TOS11000114;0;Abbadia S. S. - Laghetto Verde;Abbadia S.S.;SI;;pluviometro;mm;751057;42.8831027447861;11.6616225242615;1717391.08;4751286.43;910.00;2.00
TOS11000115;0;Abbadia S. S. - Vetta Amiata;Abbadia S.S.;SI;;pluviometro;mm;747307;42.8901;11.6252;1714392.23;4751970.05;1678.00;3.00
TOS19000115;1;Abbadia S. S. - Vetta Amiata1;Abbadia S.S.;SI;;pluviometro;mm;747327;42.8901;11.6252;1714392.23;4751970.05;1678.00;3.00
TOS07000001;0;Abbadia S. Salvatore;Abbadia S. Salvatore;SI;;pluviometro;mm;15201;42.8943436457514;11.6693687438965;1717984.09;4752554.84;855.00;2.00
TOS11000094;0;Acquerino;Sambuca Pistoiese;PT;;pluviometro;mm;750207;44.0232663644;11.0252704749;1662341.9;4876466.82;950.00;
TOS11000077;0;Albano;Monsummano Terme;PT;;pluviometro;mm;750957;43.8765290740426;10.8595333459538;1649426.23;4859855.79;465.00;
TOS19000077;1;Albano1;Monsummano Terme;PT;;pluviometro;mm;750977;43.8765618654789;10.8595380682414;1649426.53;4859859.44;465.00;
TOS11000103;0;Alberese;Grosseto;GR;;pluviometro;mm;753107;42.6610918479;11.0170383112;1665338.9;4725168.82;1.00;
TOS11000039;0;Anghiari;Anghiari;AR;;pluviometro;mm;748957;43.5592947261819;12.0974015255405;1750198.36;4827604.49;312.00;
TOS01002085;0;Anqua;Radicondoli;SI;;pluviometro;mm;743507;43.2152422191;10.9873096111;1661447.74;4786650.61;440.00;
TOS01002085;9;Anqua9;Radicondoli;SI;;pluviometro;mm;932766;43.2152422191;10.9873096111;1661447.74;4786650.61;440.00;
TOS11000049;0;Aquilea;Lucca;LU;;pluviometro;mm;753457;43.9136803352;10.5019687047;1620623.9;4863397.82;134.00;
TOS01000772;0;Arezzo - Fattoria San Fabiano;Arezzo;AR;;pluviometro;mm;738807;43.4771402;11.9037761692;1734877.77;4817915;305.00;2.00
TOS01000772;0;Arezzo - Fattoria San Fabiano;Arezzo;AR;;pluviometro;mm;738827;43.4771402;11.9037761692;1734877.77;4817915;305.00;2.00
TOS11000079;0;Argentario;Monte Argentario;GR;;pluviometro;mm;753057;42.3867740446267;11.1695700779503;1678620.32;4695016.57;615.00;
TOS11000076;0;Artimino;Carmignano;PO;;pluviometro;mm;750057;43.7677058350177;11.0483503416056;1664895.51;4848127.79;107.00;
TOS01004007;0;Avenza;Carrara;MS;Carrione;pluviometro;mm;731357;44.0451579699098;10.0601259103135;1584960.23;4877450.56;15.00;
TOS01004007;0;Avenza;Carrara;MS;Carrione;pluviometro;mm;731377;44.0451579699098;10.0601259103135;1584960.23;4877450.56;15.00;
TOS02000083;0;Azzano;Seravezza;LU;;pluviometro;mm;732657;44.0235999195664;10.2284377813339;1598480.03;4875243.37;430.00;2.00
TOS11000054;0;Baccinello;Grosseto;GR;;pluviometro;mm;750457;42.7955114957092;11.4059878598442;1696791.62;4740930.49;370.00;
TOS01000811;0;Badia Agnano;Bucine;AR;;pluviometro;mm;738857;43.4364985308398;11.6490805149078;1714421.64;4812713.8;261.00;2.00
TOS01000811;0;Badia Agnano;Bucine;AR;;pluviometro;mm;738877;43.4364985308398;11.6490805149078;1714421.64;4812713.8;261.00;
TOS01001263;0;Baggio;Pistoia;PT;;pluviometro;mm;735857;43.9912398824678;10.9641623497009;1657529.17;4872791.09;525.00;2.00
TOS01001263;0;Baggio;Pistoia;PT;;pluviometro;mm;735877;43.9912398824678;10.9641623497009;1657529.17;4872791.09;525.00;2.00
TOS11000092;0;Bagni di Lucca;Bagni di Lucca;LU;;pluviometro;mm;753557;44.0342352352;10.6001824293;1628249.9;4876935.82;565.00;
TOS09000015;0;Bagnone;Bagnone;MS;Bagnone;pluviometro;mm;732007;44.3096634492209;9.98412478905929;1578519.8;4906754.13;195.00;
TOS09000015;0;Bagnone;Bagnone;MS;Bagnone;pluviometro;mm;732027;44.3096634492209;9.98412478905929;1578519.8;4906754.13;195.00;
TOS11000022;0;Barberino;Barberino Val d'Elsa;FI;;pluviometro;mm;749907;43.5117579417169;11.2358395724122;1680752.22;4820091.41;430.00;
TOS30287500;0;Barco;Firenzuola;FI;;pluviometro;mm;21202;44.0541666844;11.3920000556;1691633.74;4880686.74;780.00;
TOS11000048;0;Barga;Barga;LU;;pluviometro;mm;752507;44.0699582560682;10.4587989104394;1616850.72;4880693.32;270.00;
TOS03002571;0;Batignano;Grosseto;GR;;pluviometro;mm;745207;42.8680433904281;11.1656384292221;1676927.99;4748452.18;140.00;2.00
TOS03002571;0;Batignano;Grosseto;GR;;pluviometro;mm;745227;42.8680433904281;11.1656384292221;1676927.99;4748452.18;140.00;2.00
TOS01000721;0;Bettolle;Sinalunga;SI;;pluviometro;mm;744607;43.2029078818724;11.8035006523132;1727791.09;4787179.82;292.00;2.00
TOS01000626;0;Bibbiena;Bibbiena;AR;;pluviometro;mm;738957;43.7141492697;11.8309493029;1728089.9;4844035.82;415.00;2.00
TOS01000626;0;Bibbiena;Bibbiena;AR;;pluviometro;mm;738977;43.7141492697;11.8309493029;1728089.9;4844035.82;415.00;2.00
TOS11000009;0;Bibbona;Bibbona;LI;;pluviometro;mm;752307;43.2622180533;10.5966921413;1629619.9;4791187.82;70.00;
TOS01005251;0;Bocca d'Arno;Pisa;PI;Arno;pluviometro;mm;730057;43.6807297973597;10.2803492546082;1603230.02;4837225.44;1.00;2.00
TOS01005251;1;Bocca d'Arno1;Pisa;PI;Arno;pluviometro;mm;730077;43.6807297973597;10.2803492546082;1603230.02;4837225.44;1.00;2.00
TOS02004369;0;Bocca di Serchio;San Giuliano Terme;PI;Serchio;pluviometro;mm;730957;43.781358231987;10.2697330713272;1602203.08;4848388.46;-0.23;2.00
TOS02004369;0;Bocca di Serchio;San Giuliano Terme;PI;Serchio;pluviometro;mm;730977;43.781358231987;10.2697330713272;1602203.08;4848388.46;-0.23;2.00
TOS02004271;0;Borgo a Mozzano;Borgo a Mozzano;LU;Serchio;pluviometro;mm;734057;43.9798766944972;10.5515098571777;1624463.43;4870823.67;100.00;2.00
TOS02004271;0;Borgo a Mozzano;Borgo a Mozzano;LU;Serchio;pluviometro;mm;734077;43.9798766944972;10.5515098571777;1624463.43;4870823.67;100.00;2.00
TOS01000999;0;Borgo S. Lorenzo;Borgo San Lorenzo;FI;;pluviometro;mm;737907;43.9578774974215;11.3905102014542;1691824.58;4869988.3;196.00;2.00
TOS01000999;0;Borgo S. Lorenzo;Borgo San Lorenzo;FI;;pluviometro;mm;737927;43.9578774974215;11.3905102014542;1691824.58;4869988.3;196.00;2.00
TOS11000017;0;Borgo S. Lorenzo 2;Borgo San Lorenzo;FI;;pluviometro;mm;748707;43.9862142623;11.3897064804;1691668.9;4873133.82;280.00;
TOS09000023;0;Bosco di Rossano;Zeri;MS;;pluviometro;mm;731807;44.3049097296334;9.79750335216522;1563640.72;4906064.45;670.00;2.00
TOS09000023;0;Bosco di Rossano;Zeri;MS;;pluviometro;mm;731827;44.3049097296334;9.79750335216522;1563640.72;4906064.45;670.00;2.00
TOS02000351;0;Boscolungo;Abetone Cutigliano;PT;;pluviometro;mm;733457;44.1390944545056;10.6735396385193;1633891.2;4888699.4;1345.00;2.00
TOS02000351;0;Boscolungo;Abetone Cutigliano;PT;;pluviometro;mm;733477;44.1390944545056;10.6735396385193;1633891.2;4888699.4;1345.00;2.00
TOS11000008;0;Braccagni;Grosseto;GR;;pluviometro;mm;752857;42.9312119898578;11.0804200172424;1669793.3;4755291.61;40.00;
TOS11000067;0;Buonconvento;Montalcino;SI;;pluviometro;mm;750907;43.091799982;11.4388065394;1698520.9;4773911.82;188.00;
TOS02004195;0;Calavorno;Coreglia Antelminelli;LU;Serchio;pluviometro;mm;733807;44.0197503467906;10.5351032113666;1623065.13;4875227.79;137.00;2.00
TOS02004195;0;Calavorno;Coreglia Antelminelli;LU;Serchio;pluviometro;mm;733827;44.0197503467906;10.5351032113666;1623065.13;4875227.79;137.00;2.00
TOS03002551;0;Caldana;Gavorrano;GR;;pluviometro;mm;746057;42.8933127036581;10.9273840490634;1657401.56;4750785.23;146.00;2.00
TOS03002551;0;Caldana;Gavorrano;GR;;pluviometro;mm;746077;42.8933127036581;10.9273840490634;1657401.56;4750785.23;146.00;2.00
TOS01004784;0;Calenzano;Calenzano;FI;Marina;pluviometro;mm;736307;43.8608554463453;11.154997493755;1673209.87;4858691.59;60.00;2.00
TOS01004784;0;Calenzano;Calenzano;FI;Marina;pluviometro;mm;736327;43.8608554463453;11.154997493755;1673209.87;4858691.59;60.00;2.00
TOS01005485;0;Calzalunga;Suvereto;LI;Milia;pluviometro;mm;743357;43.0674010401297;10.722643319528;1640287.61;4769755.45;45.39;
TOS01005485;0;Calzalunga;Suvereto;LI;Milia;pluviometro;mm;743377;43.0674010401297;10.722643319528;1640287.61;4769755.45;45.39;
TOS02004059;0;Camaiore;Camaiore;LU;Camaiore;pluviometro;mm;731657;43.9337301878544;10.2810306072755;1602849.97;4865325.84;21.00;2.00
TOS02004059;0;Camaiore;Camaiore;LU;Camaiore;pluviometro;mm;731677;43.9337301878544;10.2810306072755;1602849.97;4865325.84;21.00;2.00
TOS01000611;0;Camaldoli;Poppi;AR;;pluviometro;mm;739057;43.8104162589896;11.817375720978;1726632.43;4854690.83;1111.00;2.00
TOS01000611;0;Camaldoli;Poppi;AR;;pluviometro;mm;739077;43.8104162589896;11.817375720978;1726632.43;4854690.83;1111.00;
TOS02000241;0;Campagrina;Stazzema;LU;;pluviometro;mm;734207;44.0590032512466;10.2593421936035;1600896.71;4879212.98;807.00;2.00
TOS02000241;0;Campagrina;Stazzema;LU;;pluviometro;mm;734227;44.0590032512466;10.2593421936035;1600896.71;4879212.98;807.00;2.00
TOS01002779;0;Campiano;Montieri;GR;;pluviometro;mm;744207;43.1024634210867;11.038738489151;1665930.1;4774226.38;500.00;2.00
TOS01002779;0;Campiano;Montieri;GR;;pluviometro;mm;744227;43.1024634210867;11.038738489151;1665930.1;4774226.38;500.00;2.00
TOS11000029;0;Campocecina;Carrara;MS;;pluviometro;mm;748457;44.1164210898;10.1039108175;1588361.9;4885411.82;960.00;
TOS11000029;0;Campocecina;Carrara;MS;;pluviometro;mm;748477;44.1164210898;10.1039108175;1588361.9;4885411.82;960.00;
TOS02004115;0;Camporgiano;Camporgiano;LU;Serchio;pluviometro;mm;731157;44.1629351860751;10.3384244441986;1607043.09;4890856.67;390.00;
TOS11000027;0;Candia Scurtarola;Massa;MS;;pluviometro;mm;742457;44.0477764274902;10.1095676422119;1588917.28;4877793.54;150.00;
TOS02004011;0;Canevara;Massa;MS;Frigido;pluviometro;mm;733207;44.0582926425628;10.1681212642033;1593591.47;4879026.4;105.00;2.00
TOS02004011;0;Canevara;Massa;MS;Frigido;pluviometro;mm;733227;44.0582926425628;10.1681212642033;1593591.47;4879026.4;105.00;2.00
TOS01002171;0;Canneto;Monteverdi Marittimo;PI;;pluviometro;mm;742707;43.2023369745148;10.7393074035645;1641333.31;4784768.67;300.00;
TOS01002171;9;Canneto9;Monteverdi Marittimo;PI;;pluviometro;mm;742727;43.2023369745148;10.7393074035645;1641333.31;4784768.67;300.00;
TOS01001151;0;Cantagallo;Cantagallo;PO;;pluviometro;mm;736357;44.0216098454103;11.0794835635152;1666691.43;4876391.04;555.00;2.00
TOS01001151;0;Cantagallo;Cantagallo;PO;;pluviometro;mm;736377;44.0216098454103;11.0794835635152;1666691.43;4876391.04;555.00;2.00
TOS11000006;0;Capalbio;Capalbio;GR;;pluviometro;mm;752807;42.4053981963964;11.3915663124431;1696836.87;4697575.32;12.00;
TOS03003041;0;Capanne;Manciano;GR;;pluviometro;mm;746307;42.6908826532596;11.5467524524361;1708654.69;4729649.49;438.00;2.00
TOS03003041;0;Capanne;Manciano;GR;;pluviometro;mm;746327;42.6908826532596;11.5467524524361;1708654.69;4729649.49;438.00;2.00
TOS02000161;0;Capanne di Sillano;Sillano Giuncugnano;LU;;pluviometro;mm;734507;44.2560210553368;10.3096530963112;1604577.86;4901158.92;1035.00;2.00
TOS01005131;0;Capannoli;Capannoli;PI;Era;pluviometro;mm;735307;43.5922849536088;10.6844192154688;1635999.05;4827984.59;28.61;2.00
TOS01005131;0;Capannoli;Capannoli;PI;Era;pluviometro;mm;735327;43.5922849536088;10.6844192154688;1635999.05;4827984.59;28.61;
TOS01000701;0;Capezzine;Cortona;AR;;pluviometro;mm;744657;43.182868183385;11.9321179389954;1738318.78;4785312.55;326.00;2.00
TOS03003145;0;Capraia Isola;Capraia Isola;LI;;pluviometro;mm;754307;43.062569;9.821422;1566914.84;4768106.21;274.00;2.00
TOS02000077;0;Cardoso;Stazzema;LU;;pluviometro;mm;734357;44.0097853041409;10.3189784288406;1605760.78;4873821.11;390.00;2.00
TOS11000096;0;Careggine;Careggine;LU;;pluviometro;mm;749657;44.104392029058;10.3369496051115;1607030.85;4884352.28;1100.00;
TOS11000516;0;Casa Rota;Terranuova Bracciolini;AR;;pluviometro;mm;753957;43.5855110268;11.5432949542;1705353.9;4828996.82;200.00;
TOS11000516;1;Casa Rota1;Terranuova Bracciolini;AR;;pluviometro;mm;851601;43.5855110268;11.5432949542;1705353.9;4828996.82;200.00;
TOS11000505;0;Casa Sartori;Montespertoli;FI;;pluviometro;mm;753707;43.6672749363993;11.0418495019913;1664647.11;4836960.45;198.00;2.00
TOS01001781;0;Casciana Terme;Casciana Terme Lari;PI;;pluviometro;mm;754157;43.5269869030049;10.6127617427245;1630355.37;4820617.7;135.00;2.00
TOS01001781;0;Casciana Terme;Casciana Terme Lari;PI;;pluviometro;mm;754177;43.5269869030049;10.6127617427245;1630355.37;4820617.7;135.00;
TOS01001225;0;Case Passerini;Sesto Fiorentino;FI;;pluviometro;mm;737257;43.8197472851772;11.1682332026888;1674393.27;4854153.6;33.00;10.00
TOS02000221;0;Casone di Profecchia;Castiglione di Garfagnana;LU;;pluviometro;mm;731007;44.2105454611326;10.4471719264984;1615644.89;4896292.15;1297.00;2.00
TOS02000221;0;Casone di Profecchia;Castiglione di Garfagnana;LU;;pluviometro;mm;731027;44.2105454611326;10.4471719264984;1615644.89;4896292.15;1297.00;2.00
TOS02004215;0;Casotti di Cutigliano;Abetone Cutigliano;PT;Lima;pluviometro;mm;733907;44.0982033246544;10.7516992092133;1640239.7;4884287.73;593.00;2.00
TOS02004215;0;Casotti di Cutigliano;Abetone Cutigliano;PT;Lima;pluviometro;mm;733927;44.0982033246544;10.7516992092133;1640239.7;4884287.73;593.00;
TOS11000013;0;Casotto dei Pescatori;Grosseto;GR;;pluviometro;mm;753807;42.768622681;11.015953945;1664964.9;4737107.82;2.00;
TOS03001021;0;Castagneto;San Godenzo;FI;;pluviometro;mm;740957;43.9394462799696;11.6426816284943;1712122.81;4868558.38;918.00;
TOS03001021;0;Castagneto;San Godenzo;FI;;pluviometro;mm;740977;43.9394462799696;11.6426816284943;1712122.81;4868558.38;918.00;
TOS11000069;0;Castagneto Carducci;Castagneto Carducci;LI;;pluviometro;mm;753007;43.1891413634;10.6277168605;1632295.9;4783120.82;95.00;
TOS03002515;0;Casteani;Gavorrano;GR;;pluviometro;mm;746007;42.9814657294719;10.9788393974304;1661372.62;4760672.32;59.00;2.00
TOS03002901;0;Castel del Piano;Castel del Piano;GR;;pluviometro;mm;745907;42.8939559995409;11.5267103430462;1706336.73;4752152.02;566.00;2.00
TOS03002901;0;Castel del Piano;Castel del Piano;GR;;pluviometro;mm;745927;42.8939559995409;11.5267103430462;1706336.73;4752152.02;566.00;2.00
TOS01004971;0;Castelfiorentino;Castelfiorentino;FI;Elsa;pluviometro;mm;736407;43.6044841303309;10.9683985578388;1658890.65;4829843.5;50.00;2.00
TOS01004971;0;Castelfiorentino;Castelfiorentino;FI;Elsa;pluviometro;mm;736427;43.6044841303309;10.9683985578388;1658890.65;4829843.5;50.00;2.00
TOS03001286;0;Castellina in Chianti;Castellina in Chianti;SI;;pluviometro;mm;748207;43.4731638223604;11.2884332711639;1685121.37;4815920.67;572.00;
TOS03001286;0;Castellina in Chianti;Castellina in Chianti;SI;;pluviometro;mm;748227;43.4731638223604;11.2884332711639;1685121.37;4815920.67;572.00;
TOS03002016;0;Castellina Marittima ;Castellina Marittima;PI;;pluviometro;mm;747457;43.4104723221072;10.572811961174;1627371.46;4807615.8;325.00;2.00
TOS01001629;0;Castelmartini;Larciano;PT;;pluviometro;mm;735907;43.8205636848113;10.8254384994507;1646824.23;4853578.79;20.00;2.00
TOS01001629;0;Castelmartini;Larciano;PT;;pluviometro;mm;735927;43.8205636848113;10.8254384994507;1646824.23;4853578.79;20.00;2.00
TOS11000019;0;Castelnuovo B.ga;Gaiole in Chianti;SI;;pluviometro;mm;750307;43.3697317501;11.4231991535;1696355.9;4804741.82;300.00;
TOS11000056;0;Castelnuovo Val di Cecina;Castelnuovo V.C.;PI;;pluviometro;mm;740507;43.2042356911;10.8805790609;1652805.9;4785227.82;770.00;
TOS11000083;0;Castiglion Fibocchi;Castiglion Fibocchi;AR;;pluviometro;mm;750607;43.5337984929579;11.743577773816;1721713.3;4823768.03;283.00;
TOS01000761;0;Castiglion Fiorentino;Castiglion Fiorentino;AR;;pluviometro;mm;744707;43.3428259433164;11.9289636611938;1737439.47;4803068.86;270.00;2.00
TOS11000058;0;Castiglione d'Orcia;Castiglione d' Orcia;SI;;pluviometro;mm;749407;42.9607929338;11.6177070299;1713535.9;4759801.82;672.00;
TOS01000911;0;Cavallina;Barberino di Mugello;FI;;pluviometro;mm;737957;43.9835668812516;11.2374204397202;1679464.29;4872497.11;256.00;2.00
TOS11000002;0;Cecina;Cecina;LI;;pluviometro;mm;752257;43.351642300537;10.5227512121201;1623437.57;4801006.99;60.00;
TOS01001102;0;Cercina;Sesto Fiorentino;FI;;pluviometro;mm;736457;43.8442580924;11.2614957698;1681818.9;4857076.82;305.00;2.00
TOS02000088;0;Cerreto;Montignoso;MS;;pluviometro;mm;731457;44.0301430739306;10.1718837302826;1593937.29;4875904.12;477.00;2.00
TOS11000071;0;Cerreto Guidi;Cerreto Guidi;FI;;pluviometro;mm;749007;43.7419772476;10.893657812;1652509.9;4844973.82;70.00;
TOS11000071;0;Cerreto Guidi;Cerreto Guidi;FI;;pluviometro;mm;749027;43.7419772476;10.893657812;1652509.9;4844973.82;70.00;
TOS01004967;0;Certaldo;Certaldo;FI;Elsa;pluviometro;mm;736507;43.5446947082982;11.0347686363972;1664409.82;4823332.22;65.00;2.00
TOS01004967;0;Certaldo;Certaldo;FI;Elsa;pluviometro;mm;736527;43.5446947082982;11.0347686363972;1664409.82;4823332.22;65.00;2.00
TOS02000081;0;Cervaiole;Seravezza;LU;;pluviometro;mm;730307;44.0392623622005;10.2456092834473;1599829.91;4877003.64;1140.00;2.00
TOS11000037;0;Cesa;Marciano della Chiana;AR;;pluviometro;mm;749107;43.3085084779;11.8253779496;1729171.9;4798967.82;246.00;2.00
TOS02000515;0;Chiatri;Lucca;LU;;pluviometro;mm;732257;43.8735517991165;10.3788257210399;1610810.97;4858768.43;285.00;2.00
TOS02000515;0;Chiatri;Lucca;LU;;pluviometro;mm;732277;43.8735517991165;10.3788257210399;1610810.97;4858768.43;285.00;2.00
TOS02004255;0;Chifenti;Borgo a Mozzano;LU;Lima;pluviometro;mm;734007;44.0073215645;10.563969388;1625404.9;4873890.82;103.00;2.00
TOS02004255;0;Chifenti;Borgo a Mozzano;LU;Lima;pluviometro;mm;734027;44.0073215645;10.563969388;1625404.9;4873890.82;103.00;2.00
TOS11000036;0;Collesalvetti;Collesalvetti;LI;;pluviometro;mm;748557;43.5838415482163;10.466719865799;1618442.34;4826713.56;15.00;
TOS01001831;0;Coltano;Pisa;PI;;pluviometro;mm;735357;43.6379596001223;10.3909110651838;1612221.36;4832618.77;5.00;2.00
TOS09001143;0;Comano;Comano;MS;;pluviometro;mm;733007;44.3038545055723;10.1196072883606;1589334.19;4906247.49;734.00;2.00
TOS09001143;0;Comano;Comano;MS;;pluviometro;mm;733027;44.3038545055723;10.1196072883606;1589334.19;4906247.49;734.00;2.00
TOS01001041;0;Consuma;Rufina;FI;;pluviometro;mm;738007;43.7844662589114;11.5852010250092;1708048.04;4851198.64;955.00;2.30
TOS02000483;0;Convalle;Pescaglia;LU;;pluviometro;mm;732207;43.9524338622713;10.4225946573182;1614176.69;4867589.26;285.00;2.00
TOS02000483;0;Convalle;Pescaglia;LU;;pluviometro;mm;732227;43.9524338622713;10.4225946573182;1614176.69;4867589.26;285.00;2.00
TOS01000751;0;Cortona;Cortona;AR;;pluviometro;mm;744757;43.2689953218663;11.9964480400085;1743204.17;4795063.3;427.00;2.00
TOS01000751;0;Cortona;Cortona;AR;;pluviometro;mm;744777;43.2689953218663;11.9964480400085;1743204.17;4795063.3;427.00;2.00
TOS02000372;0;Croce Arcana;Abetone Cutigliano;PT;;pluviometro;mm;733557;44.1298825951382;10.7815355767621;1642551.71;4887857.66;1716.00;2.00
TOS01001029;0;Dicomano;Dicomano;FI;;pluviometro;mm;738107;43.8882909751591;11.5198636164914;1702439.02;4862568.18;148.00;2.00
TOS11000003;0;Donoratico;Castagneto Carducci;LI;;pluviometro;mm;752707;43.2236283369;10.5957952341;1629628.9;4786900.82;36.00;
TOS01004941;0;Empoli;Empoli;FI;Arno;pluviometro;mm;735957;43.7240333904642;10.9462226281349;1656789.38;4843078.98;25.00;2.00
TOS01004941;0;Empoli;Empoli;FI;Arno;pluviometro;mm;735977;43.7240333904642;10.9462226281349;1656789.38;4843078.98;25.00;2.00
TOS09001220;0;Equi Terme;Fivizzano;MS;;pluviometro;mm;733407;44.1692805706621;10.150101184845;1591975.86;4891333.61;250.00;2.00
TOS09001220;0;Equi Terme;Fivizzano;MS;;pluviometro;mm;733427;44.1692805706621;10.150101184845;1591975.86;4891333.61;250.00;2.00
TOS02000332;0;Fabbriche di Vallico;Fabbriche di Vergemoli;LU;;pluviometro;mm;734307;43.9995956673499;10.4321350409482;1614851.27;4872840.69;345.00;2.00
TOS02000332;0;Fabbriche di Vallico;Fabbriche di Vergemoli;LU;;pluviometro;mm;734327;43.9995956673499;10.4321350409482;1614851.27;4872840.69;345.00;2.00
TOS01001273;0;Fattoria Iavello;Montemurlo;PO;;pluviometro;mm;736557;43.9595748417469;11.0697776614288;1666086.48;4869481.21;518.00;2.00
TOS01001129;0;Ferrone;Greve in Chianti;FI;;pluviometro;mm;738157;43.6483971513375;11.2641472665911;1682626.76;4835329.01;150.00;2.00
TOS01001095;0;Firenze Genio Civile;Firenze;FI;;pluviometro;mm;740357;43.7791968198082;11.2580563274706;1681739.68;4849843.05;50.00;2.00
TOS01001096;0;Firenze Università;Firenze;FI;;pluviometro;mm;739907;43.7987882049039;11.2511399388313;1681123.9;4852003.85;84.00;2.00
TOS01001096;0;Firenze Università;Firenze;FI;;pluviometro;mm;739927;43.7987882049039;11.2511399388313;1681123.9;4852003.85;84.00;2.00
TOS03000335;0;Foce a Giovo;Coreglia Antelminelli;LU;;pluviometro;mm;734857;44.1182556665694;10.609263777733;1628795.2;4886282.2;1674.00;2.00
TOS03002459;0;Follonica;Follonica;GR;;pluviometro;mm;747857;42.9331;10.7654;1644082.44;4754913.42;15.00;2.00
TOS03002459;0;Follonica;Follonica;GR;;pluviometro;mm;747877;42.9331;10.7654;1644082.44;4754913.42;15.00;2.00
TOS01005005;0;Fornacino;San Miniato;PI;Egola;pluviometro;mm;735407;43.631551480279;10.8498456471217;1649255.62;4832629.73;50.00;2.00
TOS01005005;0;Fornacino;San Miniato;PI;Egola;pluviometro;mm;735427;43.631551480279;10.8498456471217;1649255.62;4832629.73;50.00;2.00
TOS02000281;0;Fornovolasco;Fabbriche di Vergemoli;LU;;pluviometro;mm;731107;44.0289574729346;10.3605473041534;1609057.87;4876004.7;493.00;2.00
TOS11000087;0;Gaiole in Chianti;Gaiole in Chianti;SI;;pluviometro;mm;750657;43.45651191;11.4215096007;1695938.9;4814375.82;360.00;
TOS02000078;0;Gallena;Stazzema;LU;;pluviometro;mm;732557;43.992061139752;10.2517923338158;1600404.91;4871768.55;345.00;2.00
TOS02000299;0;Gallicano;Gallicano;LU;;pluviometro;mm;732307;44.0641249412745;10.4429818737325;1615595.43;4880023.1;179.00;2.00
TOS01004779;0;Gamberame;Vaiano;PO;Bisenzio;pluviometro;mm;737757;43.9229061076913;11.1270249937498;1670784.43;4865525.24;107.00;
TOS01004779;0;Gamberame;Vaiano;PO;Bisenzio;pluviometro;mm;737777;43.9229061076913;11.1270249937498;1670784.43;4865525.24;107.00;
TOS01001161;0;Gavigno;Cantagallo;PO;;pluviometro;mm;737307;44.0711645266121;11.0934984683991;1667674.8;4881923.58;752.00;2.00
TOS01005262;0;Gello;Pontedera;PI;Scolmatore;pluviometro;mm;735457;43.6516183971652;10.5879664421081;1628087.09;4834420.96;5.00;2.00
TOS01005262;0;Gello;Pontedera;PI;Scolmatore;pluviometro;mm;735477;43.6516183971652;10.5879664421081;1628087.09;4834420.96;5.00;
TOS01002071;0;Gerfalco;Montieri;GR;;pluviometro;mm;744157;43.1426751063413;10.9738612174988;1660545.43;4778565.72;740.00;
TOS01002071;9;Gerfalco9;Montieri;GR;;pluviometro;mm;744177;43.1426751063413;10.9738612174988;1660545.43;4778565.72;740.00;
TOS03003269;0;Giglio Castello;Giglio;GR;;pluviometro;mm;748007;42.3584804934756;10.9068167209625;1657061.21;4691355.88;470.00;
TOS03003269;0;Giglio Castello;Giglio;GR;;pluviometro;mm;748027;42.3584804934756;10.9068167209625;1657061.21;4691355.88;470.00;
TOS11000108;0;Giogo;Firenzuola;FI;;pluviometro;mm;738657;44.0473808581;11.3893321738;1691441.9;4879926.82;880.00;2.00
TOS02000494;0;Gombitelli;Camaiore;LU;;pluviometro;mm;730107;43.9200791909882;10.3701301838677;1610026.63;4863924.47;475.00;2.00
TOS11000107;0;Gorgona;Livorno;LI;;pluviometro;mm;754007;43.428063529;9.89468264991;1572445.9;4808756.82;230.00;2.00
TOS03002941;0;Granaione;Campagnatico;GR;;pluviometro;mm;746107;42.8043692170746;11.3032308696032;1688360.91;4741679.39;148.00;2.00
TOS11000073;0;Greve in Chianti;Greve in Chianti;FI;;pluviometro;mm;753507;43.6118315545;11.3042144074;1685970.9;4831356.82;254.00;
TOS09001130;0;Iera;Bagnone;MS;;pluviometro;mm;731857;44.3332880923432;10.0336074829102;1582433.28;4909426.77;538.00;2.00
TOS09001130;0;Iera;Bagnone;MS;;pluviometro;mm;731877;44.3332880923432;10.0336074829102;1582433.28;4909426.77;538.00;2.00
TOS01000891;0;Il Palagio;Figline e Incisa Valdarno;FI;;pluviometro;mm;738257;43.6126610750638;11.4272169644294;1695894.31;4831731.81;315.00;2.00
TOS01004591;0;Incisa Valle;Figline e Incisa Valdarno;FI;Arno;pluviometro;mm;739157;43.6898494762687;11.4561913192593;1697978.63;4840373.59;108.42;2.00
TOS01004591;0;Incisa Valle;Figline e Incisa Valdarno;FI;Arno;pluviometro;mm;739177;43.6898494762687;11.4561913192593;1697978.63;4840373.59;108.42;2.00
TOS01001269;0;La Ferruccia;Agliana;PT;;pluviometro;mm;734907;43.884551145525;11.0038483142853;1660999.18;4861017.82;40.00;2.00
TOS01001679;0;La Madonnina;Volterra;PI;;pluviometro;mm;742907;43.4418540444294;10.9528762255022;1658062.01;4811751.92;607.00;2.00
TOS01000639;0;La Verna;Chiusi della Verna;AR;;pluviometro;mm;739207;43.7069110061756;11.931334733963;1736205.67;4843513.15;1125.00;2.50
TOS01000639;0;La Verna;Chiusi della Verna;AR;;pluviometro;mm;739227;43.7069110061756;11.931334733963;1736205.67;4843513.15;1125.00;2.00
TOS01002351;0;Lago;Monterotondo Marittimo;GR;;pluviometro;mm;743007;43.1549917412613;10.8072316646576;1646965.19;4779627.68;315.00;
TOS11000023;0;Lamole;Greve in Chianti;FI;;pluviometro;mm;748807;43.5420871979;11.3554838835;1690327.9;4823726.82;536.00;
TOS01000926;0;Le Croci (Barberino);Barberino di Mugello;FI;;pluviometro;mm;739957;44.0070304832858;11.271253824234;1682105.88;4875177.41;388.00;2.00
TOS01001189;0;Le Croci di Calenzano;Calenzano;FI;;pluviometro;mm;737407;43.9447551636658;11.2137404490283;1677680.87;4868135.03;421.00;2.00
TOS01001189;0;Le Croci di Calenzano;Calenzano;FI;;pluviometro;mm;737427;43.9447551636658;11.2137404490283;1677680.87;4868135.03;421.00;2.00
TOS11000507;0;Legoli;Peccioli;PI;;pluviometro;mm;752557;43.5652310624976;10.800635222548;1645445.47;4825176.71;180.00;
TOS01002161;0;Libbiano;Pomarance;PI;;pluviometro;mm;742657;43.2812903805194;10.8071941137314;1646659.09;4793653.85;440.00;2.00
TOS01002161;9;Libbiano9;Pomarance;PI;;pluviometro;mm;742677;43.2812903805194;10.8071941137314;1646659.09;4793653.85;440.00;2.00
TOS09000021;0;Licciana Nardi;Licciana Nardi;MS;Torrente Taverone;pluviometro;mm;732157;44.242784521132;10.0034280306519;1580150.19;4899344.29;121.00;
TOS09000021;0;Licciana Nardi;Licciana Nardi;MS;Torrente Taverone;pluviometro;mm;732177;44.242784521132;10.0034280306519;1580150.19;4899344.29;121.00;
TOS11000011;0;Lido di Camaiore;Camaiore;LU;;pluviometro;mm;752357;43.8976759243093;10.2429431676865;1599853.18;4861274.67;5.00;
TOS01005981;0;Livorno Mareografo;Livorno;LI;Mare;pluviometro;mm;742857;43.5462560435205;10.2996316552162;1605017.98;4822314.73;0.00;2.00
TOS01005981;0;Livorno Mareografo;Livorno;LI;Mare;pluviometro;mm;742877;43.5462560435205;10.2996316552162;1605017.98;4822314.73;0.00;2.00
TOS02000512;0;Lucca (Orto Botanico);Lucca;LU;;pluviometro;mm;730157;43.8418642805664;10.5108603008157;1621483.64;4855434.45;16.00;2.00
TOS02000512;0;Lucca (Orto Botanico);Lucca;LU;;pluviometro;mm;730177;43.8418642805664;10.5108603008157;1621483.64;4855434.45;16.00;2.00
TOS03002643;0;Madonna a Brolio;Castelnuovo Berardenga;SI;;pluviometro;mm;744457;43.4144669709195;11.4557165364588;1698844.15;4809787.27;440.00;2.00
TOS03002643;0;Madonna a Brolio;Castelnuovo Berardenga;SI;;pluviometro;mm;744477;43.4144669709195;11.4557165364588;1698844.15;4809787.27;440.00;2.00
TOS03003079;0;Manciano;Manciano;GR;;pluviometro;mm;746807;42.6003629471691;11.5184978174778;1706639.55;4719527.82;447.00;2.00
TOS03003079;0;Manciano;Manciano;GR;;pluviometro;mm;746827;42.6003629471691;11.5184978174778;1706639.55;4719527.82;447.00;2.00
TOS01000921;0;Mangona;Barberino di Mugello;FI;;pluviometro;mm;738307;44.0500613757517;11.195636134639;1675916.49;4879792.65;540.00;2.00
TOS01000921;0;Mangona;Barberino di Mugello;FI;;pluviometro;mm;738327;44.0500613757517;11.195636134639;1675916.49;4879792.65;540.00;
TOS03005895;0;Marsiliana;Manciano;GR;Albegna;pluviometro;mm;747007;42.5441020026598;11.3364263535481;1691874.69;4712851.54;16.00;
TOS03005895;1;Marsiliana1;Manciano;GR;Albegna;pluviometro;mm;747027;42.5441020026598;11.3364263535481;1691874.69;4712851.54;16.00;
TOS11000050;0;Massa Marittima Filetto;Massa Marittima;GR;;pluviometro;mm;750807;43.1216709398582;10.9222817074327;1656404.38;4776135.54;670.00;
TOS11000041;0;Massa Marittima Valpiana;Massa Marittima;GR;;pluviometro;mm;749207;43.0209489116733;10.8653926849365;1652025.22;4764845.38;188.00;
TOS09001200;0;Mazzola;Fivizzano;MS;;pluviometro;mm;732407;44.2111182398262;10.1168754954268;1589256.44;4895943.99;460.00;2.00
TOS09001200;0;Mazzola;Fivizzano;MS;;pluviometro;mm;732427;44.2111182398262;10.1168754954268;1589256.44;4895943.99;460.00;2.00
TOS02000359;0;Melo;Abetone Cutigliano;PT;;pluviometro;mm;733507;44.1327169288093;10.7431685995379;1639475.67;4888106.72;1000.00;2.00
TOS03001385;0;Mensano;Casole d'Elsa;SI;;pluviometro;mm;748257;43.291376;11.071148;1668048.11;4795271.08;365.00;
TOS03001385;0;Mensano;Casole d'Elsa;SI;;pluviometro;mm;748277;43.291376;11.071148;1668048.11;4795271.08;365.00;
TOS11000001;0;Metato;San Giuliano Terme;PI;;pluviometro;mm;753157;43.7709434831;10.3837831983;1611399.9;4847378.82;3.00;
TOS01002011;0;Miemo;Montecatini VC;PI;;pluviometro;mm;735507;43.4101858936558;10.6707018613815;1635297.81;4807738.2;420.00;
TOS01002011;9;Miemo9;Montecatini VC;PI;;pluviometro;mm;735527;43.4101858936558;10.6707018613815;1635297.81;4807738.2;420.00;
TOS09001210;0;Minucciano;Minucciano;LU;;pluviometro;mm;733107;44.1709714258708;10.208150145037;1596613.9;4891587.97;666.00;2.00
TOS09001210;0;Minucciano;Minucciano;LU;;pluviometro;mm;733127;44.1709714258708;10.208150145037;1596613.9;4891587.97;666.00;2.00
TOS01005115;0;Molino d'Era;Volterra;PI;Era;pluviometro;mm;735557;43.4556345871119;10.8301267598961;1648094.96;4813056.81;100.32;2.00
TOS01005115;0;Molino d'Era;Volterra;PI;Era;pluviometro;mm;735577;43.4556345871119;10.8301267598961;1648094.96;4813056.81;100.32;2.00
TOS03002613;0;Monastero d'Ombrone;Castelnuovo Berardenga;SI;;pluviometro;mm;745107;43.3291637012263;11.5555166737115;1707214.62;4800556.33;222.00;2.00
TOS01001253;0;Montagnana;Marliana;PT;;pluviometro;mm;736607;43.9536664228749;10.823038778764;1646305.05;4868357.97;385.00;2.00
TOS03002733;0;Montalcinello;Chiusdino;SI;;pluviometro;mm;743957;43.2031113092876;11.0766198253483;1668735.54;4785479.63;380.00;2.00
TOS03002701;0;Montalcino;Montalcino;SI;;pluviometro;mm;744857;43.0501719534553;11.4906146991613;1702875;4769412.74;594.00;2.00
TOS03002801;0;Monte Antico;Civitella Paganico;GR;;pluviometro;mm;745857;42.9838245846323;11.3646994811145;1692827.15;4761747.71;82.00;2.00
TOS02000171;0;Monte Castellino;Sillano Giuncugnano;LU;;pluviometro;mm;734457;44.2358732217645;10.3325894233144;1606445.17;4898950.5;858.00;2.00
TOS01000916;0;Monte di Fò;Barberino di Mugello;FI;;pluviometro;mm;737457;44.0796316157846;11.2808454036713;1682651.52;4883262.58;820.00;2.00
TOS01000916;0;Monte di Fò;Barberino di Mugello;FI;;pluviometro;mm;737477;44.0796316157846;11.2808454036713;1682651.52;4883262.58;820.00;
TOS03001001;0;Monte Giovi;Monte Giovi;FI;;pluviometro;mm;740757;43.87686;11.44753;1696666.27;4861123.83;960.00;2.00
TOS03001001;0;Monte Giovi;Monte Giovi;FI;;pluviometro;mm;740777;43.87686;11.44753;1696666.27;4861123.83;960.00;2.00
TOS03002621;0;Monte Oliveto;Asciano;SI;;pluviometro;mm;747757;43.1754827725307;11.5454715119171;1706920.11;4783463.62;267.00;
TOS03002621;0;Monte Oliveto;Asciano;SI;;pluviometro;mm;747777;43.1754827725307;11.5454715119171;1706920.11;4783463.62;267.00;
TOS02000421;0;Monte Oppio;San Marcello Piteglio;PT;;pluviometro;mm;734807;44.0418164963272;10.8327348428269;1646865.42;4878166.02;810.00;2.00
TOS11000511;0;Monte Perone;Campo nell'Elba;LI;;pluviometro;mm;751107;42.7747916839584;10.1910818982751;1597467.39;4736509.96;713.00;2.00
TOS11000512;0;Monte Pisano Nord;Capannori;LU;;pluviometro;mm;752607;43.7940132459;10.5223852452;1622507.9;4850136.82;216.00;
TOS02000275;0;Monte Romecchio;Barga;LU;;pluviometro;mm;731057;44.1635243317324;10.5207910328543;1621623.03;4891175.63;1591.00;2.00
TOS02000275;0;Monte Romecchio;Barga;LU;;pluviometro;mm;731077;44.1635243317324;10.5207910328543;1621623.03;4891175.63;1591.00;2.00
TOS01000741;0;Monte S.Savino;Monte San Savino;AR;;pluviometro;mm;739257;43.3391273733117;11.7423462867737;1722325.84;4802143.81;275.00;2.00
TOS11000020;0;Monte Serra;Calci;PI;;pluviometro;mm;753207;43.7470720785504;10.5544602870941;1625186.28;4844971.26;890.00;
TOS11000020;0;Monte Serra;Calci;PI;;pluviometro;mm;753227;43.7470720785504;10.5544602870941;1625186.28;4844971.26;890.00;
TOS11000504;0;Monteboro;Empoli;FI;;pluviometro;mm;753657;43.6926;10.923;1654999.87;4839544.16;90.00;
TOS11000031;0;Montecarlo;Montecarlo;LU;;pluviometro;mm;753257;43.8428569234;10.653959528;1632984.9;4855764.82;72.19;
TOS01001601;0;Montecatini Terme;Montecatini Terme;PT;;pluviometro;mm;736107;43.8933181134016;10.7720337630372;1642356.36;4861566.04;95.00;2.00
TOS01001601;0;Montecatini Terme;Montecatini Terme;PT;;pluviometro;mm;736127;43.8933181134016;10.7720337630372;1642356.36;4861566.04;95.00;2.00
TOS01002131;0;Montecatini V. Cecina;Montecatini VC;PI;;pluviometro;mm;742607;43.3869806906716;10.7429659366607;1641202.63;4805280.87;379.00;
TOS01002131;9;Montecatini V. Cecina9;Montecatini VC;PI;;pluviometro;mm;932737;43.3869806906716;10.7429659366607;1641202.63;4805280.87;379.00;
TOS03000653;0;Montecchio;Subbiano;AR;;pluviometro;mm;740807;43.5802819853131;11.9034283749771;1734449.5;4829369.57;585.00;2.00
TOS03000653;0;Montecchio;Subbiano;AR;;pluviometro;mm;740827;43.5802819853131;11.9034283749771;1734449.5;4829369.57;585.00;2.00
TOS03003267;0;Montecristo;Montecristo;LI;;pluviometro;mm;748107;42.3325;10.2911;1606398.14;4687517.36;85.00;
TOS11000051;0;Montenero;Castel del Piano;GR;;pluviometro;mm;750407;42.950613764;11.4394608107;1699029.9;4758233.82;193.00;
TOS03000691;0;Montepulciano ;Montepulciano ;SI;;pluviometro;mm;748157;43.11273;11.793703;1727329.37;4777138.02;450.00;2.00
TOS11000113;0;Montepulciano Azienda;Montepulciano;SI;;pluviometro;mm;749457;43.0850882534877;11.8444271163941;1731560.79;4774207.04;335.00;2.00
TOS19000701;0;Monterchi;Monterchi;AR;;pluviometro;mm;739357;43.4895;12.105;1751101.69;4819875.5;309.00;
TOS19000701;1;Monterchi1;Monterchi;AR;;pluviometro;mm;870101;43.4895;12.105;1751101.69;4819875.5;309.00;
TOS11000082;0;Monteroni Arbia Biena;Monteroni d'Arbia;SI;;pluviometro;mm;749307;43.2430144300338;11.4168870449066;1696251.9;4790653.72;165.00;
TOS01002371;0;Monterotondo;Monterotondo Marittimo;GR;;pluviometro;mm;742807;43.1459592942661;10.8627827588074;1651504.14;4778723.56;595.00;2.00
TOS01002371;0;Monterotondo;Monterotondo Marittimo;GR;;pluviometro;mm;742827;43.1459592942661;10.8627827588074;1651504.14;4778723.56;595.00;2.00
TOS01004915;0;Montespertoli;Montespertoli;FI;Virginio;pluviometro;mm;738357;43.6500029452316;11.0923585123197;1668767.69;4835143.63;117.00;2.00
TOS01004915;0;Montespertoli;Montespertoli;FI;Virginio;pluviometro;mm;738377;43.6500029452316;11.0923585123197;1668767.69;4835143.63;117.00;
TOS01004571;0;Montevarchi;Montevarchi;AR;Arno;pluviometro;mm;744307;43.5412115000281;11.5662079934808;1707355.74;4824133.6;133.80;2.00
TOS01004571;0;Montevarchi;Montevarchi;AR;Arno;pluviometro;mm;744327;43.5412115000281;11.5662079934808;1707355.74;4824133.6;133.80;
TOS03002869;0;Monticchiello;Pienza;SI;;pluviometro;mm;744907;43.0663296727766;11.7248379794182;1721893.67;4771800.31;495.00;2.00
TOS03002742;0;Monticiano La Pineta;Monticiano;SI;;pluviometro;mm;747057;43.1343738659377;11.2420224628027;1682377.83;4778192.71;450.00;2.00
TOS03002742;0;Monticiano La Pineta;Monticiano;SI;;pluviometro;mm;747077;43.1343738659377;11.2420224628027;1682377.83;4778192.71;450.00;2.00
TOS03002888;0;Montisi;Montalcino;SI;;pluviometro;mm;744957;43.1547334579056;11.6497457027435;1715468.63;4781422.32;400.00;2.00
TOS03002888;0;Montisi;Montalcino;SI;;pluviometro;mm;744977;43.1547334579056;11.6497457027435;1715468.63;4781422.32;400.00;2.00
TOS11000046;0;Montopoli;Montopoli in Val d'Arno;PI;;pluviometro;mm;752457;43.6678371647;10.745719161;1640770.9;4836477.82;29.00;
TOS02004286;0;Mutigliano;Lucca;LU;Freddana;pluviometro;mm;730257;43.8817634490254;10.4841864109039;1619259.82;4859827.09;33.94;2.00
TOS02004286;0;Mutigliano;Lucca;LU;Freddana;pluviometro;mm;730277;43.8817634490254;10.4841864109039;1619259.82;4859827.09;33.94;2.00
TOS01004659;0;Nave di Rosano;Rignano sull'Arno;FI;Arno;pluviometro;mm;738407;43.771197477581;11.4228155853198;1695024.49;4849329.51;78.84;2.00
TOS01004659;0;Nave di Rosano;Rignano sull'Arno;FI;Arno;pluviometro;mm;738427;43.771197477581;11.4228155853198;1695024.49;4849329.51;78.84;2.00
TOS11000099;0;Novegigola;Tresana;MS;;pluviometro;mm;748607;44.221784365;9.89975645114;1571897.9;4896915.82;420.00;
TOS01000831;0;Nusenna in Chianti;Gaiole in Chianti;SI;;pluviometro;mm;744507;43.4502395940992;11.5311169624329;1704828.03;4813942.98;560.00;2.00
TOS11000508;0;Orbetello;Orbetello;GR;;pluviometro;mm;751157;42.4344482420029;11.2026321887969;1681204.66;4700380.56;0.00;2.50
TOS01001711;0;Orciatico;Lajatico;PI;;pluviometro;mm;742957;43.4344511392189;10.7247514846976;1639618.22;4810522.22;312.00;2.00
TOS11000097;0;Orecchiella;San Romano in Garfagnana;LU;;pluviometro;mm;749707;44.2003550122664;10.3598713874817;1608689.12;4895041.11;1169.00;
TOS01001889;0;Orentano;Castelfranco di Sotto;PI;;pluviometro;mm;735757;43.7744248126679;10.6570820458268;1633388.12;4848169.36;22.00;2.00
TOS01001889;0;Orentano;Castelfranco di Sotto;PI;;pluviometro;mm;735777;43.7744248126679;10.6570820458268;1633388.12;4848169.36;22.00;
TOS01000601;0;Ortignano;Ortignano Raggiolo;AR;;pluviometro;mm;739407;43.6819246850953;11.7515408992767;1721811.4;4840241.16;346.00;2.00
TOS02000177;0;Orto di Donna;Minucciano;LU;;pluviometro;mm;734407;44.1346439393472;10.1973563432693;1595809.74;4887540.4;1070.00;2.00
TOS02000177;0;Orto di Donna;Minucciano;LU;;pluviometro;mm;734427;44.1346439393472;10.1973563432693;1595809.74;4887540.4;1070.00;2.00
TOS11000038;0;Ottavo;Arezzo;AR;;pluviometro;mm;749157;43.373489681467;11.8903901828969;1734194.65;4806365.4;313.00;
TOS03002921;0;Paganico;Civitella Paganico;GR;;pluviometro;mm;745957;42.939816335948;11.2846511548028;1686433.33;4756679.77;70.00;2.00
TOS03002921;0;Paganico;Civitella Paganico;GR;;pluviometro;mm;745977;42.939816335948;11.2846511548028;1686433.33;4756679.77;70.00;2.00
TOS02000329;0;Palagnana;Stazzema;LU;;pluviometro;mm;734257;43.9964324902299;10.3631383180619;1609325.23;4872395.6;861.00;2.00
TOS19000703;0;Palazzo del Pero;Palazzo del Pero;AR;;pluviometro;mm;740457;43.420833333333;11.979166666667;1741199.23;4811876.84;410.00;
TOS19000703;1;Palazzo del Pero1;Palazzo del Pero;AR;;pluviometro;mm;740477;43.420833333333;11.979166666667;1741199.23;4811876.84;410.00;
TOS09001110;0;Parana;Mulazzo;MS;;pluviometro;mm;732357;44.2821730205654;9.86330989888223;1568916.2;4903592.13;695.00;2.00
TOS09001110;0;Parana;Mulazzo;MS;;pluviometro;mm;732377;44.2821730205654;9.86330989888223;1568916.2;4903592.13;695.00;2.00
TOS03002789;0;Pari;Civitella Paganico;GR;;pluviometro;mm;745807;43.0625198089825;11.3225373841736;1689147.63;4770391.3;330.00;2.00
TOS09000024;0;Passo del Brattello;Pontremoli;MS;;pluviometro;mm;731907;44.4562415078004;9.82293605804443;1565500.42;4922893.74;955.00;2.00
TOS09000024;0;Passo del Brattello;Pontremoli;MS;;pluviometro;mm;731927;44.4562415078004;9.82293605804443;1565500.42;4922893.74;955.00;2.00
TOS09001160;0;Passo del Cerreto;Fivizzano;MS;;pluviometro;mm;733307;44.3042684486943;10.2167592247924;1597082.76;4906403.84;1250.00;2.00
TOS09001160;0;Passo del Cerreto;Fivizzano;MS;;pluviometro;mm;733327;44.3042684486943;10.2167592247924;1597082.76;4906403.84;1250.00;2.00
TOS09001053;0;Passo della Cisa;Pontremoli;MS;;pluviometro;mm;733257;44.46639;9.920361;1573238.61;4924103.59;1014.00;2.00
TOS09001053;0;Passo della Cisa;Pontremoli;MS;;pluviometro;mm;733277;44.46639;9.920361;1573238.61;4924103.59;1014.00;2.00
TOS02000155;0;Passo Pradarena;Sillano Giuncugnano;LU;;pluviometro;mm;732457;44.2845177330532;10.3010544345833;1603841.26;4904313.25;1580.00;2.00
TOS02000155;0;Passo Pradarena;Sillano Giuncugnano;LU;;pluviometro;mm;732477;44.2845177330532;10.3010544345833;1603841.26;4904313.25;1580.00;2.00
TOS11000106;0;Passo Radici;Castiglione di Garfagnana;LU;;pluviometro;mm;753907;44.1970793848;10.4867001482;1618829.9;4894852.82;1637.00;
TOS09001061;0;Patigno;Zeri;MS;;pluviometro;mm;732857;44.3547092423;9.76447730327;1560954.9;4911570.82;744.00;2.00
TOS09001061;0;Patigno;Zeri;MS;;pluviometro;mm;732877;44.3547092423;9.76447730327;1560954.9;4911570.82;744.00;2.00
TOS03003200;0;Patresi Mortigliano;Marciana;LI;;pluviometro;mm;754557;42.7854685049193;10.1110965013504;1590908.43;4737606.29;110.00;
TOS03003200;0;Patresi Mortigliano;Marciana;LI;;pluviometro;mm;754577;42.7854685049193;10.1110965013504;1590908.43;4737606.29;110.00;2.00
TOS11000089;0;Pelago;Pelago;FI;;pluviometro;mm;750107;43.7590397935;11.5024279812;1701472.9;4848169.82;325.00;
TOS11000080;0;Pentolina;Chiusdino;SI;;pluviometro;mm;751007;43.2085023992;11.1799021081;1677110.9;4786291.82;450.00;
TOS03001580;0;Pescia;Pescia;PT;;pluviometro;mm;754657;43.896534212895;10.6950237255296;1636163.66;4861793.45;78.00;
TOS03001580;0;Pescia;Pescia;PT;;pluviometro;mm;754677;43.896534212895;10.6950237255296;1636163.66;4861793.45;78.00;2.00
TOS02004284;0;Piaggione;Lucca;LU;Serchio;pluviometro;mm;731207;43.9293529009473;10.5142754316329;1621580.1;4865156.58;72.00;2.00
TOS02004284;0;Piaggione;Lucca;LU;Serchio;pluviometro;mm;731227;43.9293529009473;10.5142754316329;1621580.1;4865156.58;72.00;2.00
TOS01000056;0;Pian della Fioba;Massa;MS;;pluviometro;mm;731557;44.0570217481634;10.2069398760796;1596702.76;4878930.06;860.00;
TOS01000881;0;Pian di Scò;Castelfranco Piandiscò;AR;;pluviometro;mm;739457;43.6499648868522;11.5551495552063;1706090.6;4836184.82;395.00;2.00
TOS01000881;0;Pian di Scò;Castelfranco Piandiscò;AR;;pluviometro;mm;739477;43.6499648868522;11.5551495552063;1706090.6;4836184.82;395.00;2.00
TOS11000060;0;Piancastagnaio;Piancastagnaio;SI;;pluviometro;mm;750857;42.8181362937578;11.7325441459392;1723417.4;4744257.26;341.00;
TOS11000034;0;Piazza al Serchio;Piazza Al Serchio;LU;;pluviometro;mm;748507;44.1923123458;10.2916366026;1603250.9;4894059.82;660.00;
TOS09000022;0;Pietra Piccata;Pontremoli;MS;;pluviometro;mm;731957;44.339638145103;9.82324719429016;1565655.39;4909942.17;955.00;2.00
TOS09000022;0;Pietra Piccata;Pontremoli;MS;;pluviometro;mm;731977;44.339638145103;9.82324719429016;1565655.39;4909942.17;955.00;2.00
TOS11000033;0;Pieve di Compito;Capannori;LU;;pluviometro;mm;753307;43.7800182426;10.5894082801;1627929.9;4848683.82;38.00;
TOS11000040;0;Pieve S. Stefano;Pieve Santo Stefano;AR;;pluviometro;mm;749957;43.6739526486025;12.1019487858501;1750089.57;4840353.06;750.00;
TOS19000702;0;Pieve S. Stefano;Pieve Santo Stefano;AR;Tevere;pluviometro;mm;739507;43.6690285798809;12.0427980634906;1745341.07;4839629.4;434.00;
TOS19000702;1;Pieve S. Stefano1;Pieve Santo Stefano;AR;Tevere;pluviometro;mm;739527;43.6690285798809;12.0427980634906;1745341.07;4839629.4;434.00;
TOS01000544;0;Pisa (Fac. Agraria);Pisa;PI;;pluviometro;mm;735607;43.7111716434473;10.4120041429996;1613784.34;4840778.65;6.00;2.00
TOS01000544;0;Pisa (Fac. Agraria);Pisa;PI;;pluviometro;mm;735627;43.7111716434473;10.4120041429996;1613784.34;4840778.65;6.00;
TOS11000014;0;Pitigliano;Pitigliano;GR;;pluviometro;mm;750757;42.6350977676;11.6542999129;1717659.9;4723725.82;300.00;
TOS03001841;0;Pizzorne;Villa Basilica;LU;;pluviometro;mm;747357;43.9344280569075;10.5846312960815;1627216.77;4865826.25;938.00;
TOS03001841;0;Pizzorne;Villa Basilica;LU;;pluviometro;mm;747377;43.9344280569075;10.5846312960815;1627216.77;4865826.25;938.00;
TOS01004965;0;Poggibonsi;Poggibonsi;SI;Elsa;pluviometro;mm;740007;43.4714639748017;11.1287599321364;1672211.27;4815389.19;88.00;2.00
TOS01004965;0;Poggibonsi;Poggibonsi;SI;Elsa;pluviometro;mm;740027;43.4714639748017;11.1287599321364;1672211.27;4815389.19;88.00;
TOS01001445;0;Poggio Aglione;Gambassi Terme;FI;;pluviometro;mm;736757;43.5298824017873;10.9279659199902;1655819.68;4821481.49;441.00;2.00
TOS01001445;0;Poggio Aglione;Gambassi Terme;FI;;pluviometro;mm;736777;43.5298824017873;10.9279659199902;1655819.68;4821481.49;441.00;2.00
TOS03001135;0;Poggio alla Croce;Figline e Incisa Valdarno;FI;;pluviometro;mm;740857;43.6500938567192;11.3924717883301;1692970.61;4835807.9;500.00;2.00
TOS03001135;0;Poggio alla Croce;Figline e Incisa Valdarno;FI;;pluviometro;mm;740877;43.6500938567192;11.3924717883301;1692970.61;4835807.9;500.00;2.00
TOS03003011;0;Poggio Perotto;Magliano in Toscana;GR;;pluviometro;mm;746207;42.6136805291561;11.2548820828255;1684972.91;4720396.56;82.00;2.00
TOS03003011;0;Poggio Perotto;Magliano in Toscana;GR;;pluviometro;mm;746227;42.6136805291561;11.2548820828255;1684972.91;4720396.56;82.00;
TOS02000075;0;Pomezzana;Stazzema;LU;;pluviometro;mm;732057;43.9852999546561;10.3147673606872;1605466.57;4871096.16;600.00;2.00
TOS01002115;0;Ponsano;Volterra;PI;;pluviometro;mm;743557;43.3653080786;10.9903473059;1661297.34;4803322.5;340.00;
TOS01002115;9;Ponsano9;Volterra;PI;;pluviometro;mm;932804;43.3653080786;10.9903473059;1661297.34;4803322.5;340.00;
TOS01000931;0;Ponte a Olmo;Scarperia e San Piero;FI;;pluviometro;mm;737507;44.0491644742928;11.3044059276581;1684632.69;4879931.07;459.00;2.00
TOS01004811;0;Ponte a Signa;Signa;FI;Arno;pluviometro;mm;736807;43.7730536256216;11.0929458599137;1668469.93;4848811.52;32.00;2.00
TOS02004165;0;Ponte di Campia;Barga;LU;Serchio;pluviometro;mm;733757;44.0900549407028;10.4528243960756;1616332.9;4882917.01;197.00;2.00
TOS02004165;0;Ponte di Campia;Barga;LU;Serchio;pluviometro;mm;733777;44.0900549407028;10.4528243960756;1616332.9;4882917.01;197.00;2.00
TOS02004231;0;Ponte di Lucchio;Bagni di Lucca;LU;Lima;pluviometro;mm;733957;44.0435891694687;10.719796449758;1637812.79;4878167.84;350.00;2.00
TOS02004231;0;Ponte di Lucchio;Bagni di Lucca;LU;Lima;pluviometro;mm;733977;44.0435891694687;10.719796449758;1637812.79;4878167.84;350.00;2.00
TOS01005401;0;Ponte di Monterufoli;Guardistallo;PI;Cecina;pluviometro;mm;743107;43.3233356908324;10.6698220968247;1635419.66;4798091.34;32.96;2.00
TOS01005401;9;Ponte di Monterufoli9;Guardistallo;PI;Cecina;pluviometro;mm;743127;43.3233356908324;10.6698220968247;1635419.66;4798091.34;32.96;2.00
TOS02004305;0;Ponte Guido;Lucca;LU;Contesora;pluviometro;mm;730507;43.8650447864317;10.4331713931578;1615193.77;4857897.86;23.00;2.00
TOS02004305;0;Ponte Guido;Lucca;LU;Contesora;pluviometro;mm;730527;43.8650447864317;10.4331713931578;1615193.77;4857897.86;23.00;2.00
TOS03005707;0;Ponte Orgia;Sovicille;SI;Merse;pluviometro;mm;747157;43.2146453955979;11.2581115961075;1683445.92;4787142.6;;
TOS01005386;0;Ponte SR439;Pomarance;PI;Cecina;pluviometro;mm;743807;43.3341721848683;10.8580648899078;1650655.96;4799617.33;85.00;
TOS01005386;9;Ponte SR4399;Pomarance;PI;Cecina;pluviometro;mm;743827;43.3341721848683;10.8580648899078;1650655.96;4799617.33;85.00;
TOS02004045;0;Ponte Tavole;Seravezza;LU;Versilia;pluviometro;mm;730857;43.9725728453911;10.1849162578583;1595073.51;4869524.8;11.00;2.00
TOS02004045;0;Ponte Tavole;Seravezza;LU;Versilia;pluviometro;mm;730877;43.9725728453911;10.1849162578583;1595073.51;4869524.8;11.00;2.00
TOS03002961;0;Ponte Tura;Grosseto;GR;;pluviometro;mm;746157;42.7646975681321;11.166253387928;1677273.27;4736976.83;13.00;2.00
TOS01005181;0;Pontedera;Pontedera;PI;Arno;pluviometro;mm;735057;43.6653337908212;10.6312412023544;1631546.96;4836011.93;10.53;2.00
TOS01005181;0;Pontedera;Pontedera;PI;Arno;pluviometro;mm;735077;43.6653337908212;10.6312412023544;1631546.96;4836011.93;10.53;
TOS01004839;0;Pontelungo valle;Pistoia;PT;Ombrone PT;pluviometro;mm;736157;43.9198061570395;10.8959250239647;1652239.68;4864728.93;65.68;
TOS01004839;0;Pontelungo valle;Pistoia;PT;Ombrone PT;pluviometro;mm;736177;43.9198061570395;10.8959250239647;1652239.68;4864728.93;65.68;
TOS02004315;0;Pontetetto;Lucca;LU;Ozzeri;pluviometro;mm;730357;43.829653381293;10.4697645000399;1618204.13;4854018.7;12.99;2.00
TOS02004315;0;Pontetetto;Lucca;LU;Ozzeri;pluviometro;mm;730377;43.829653381293;10.4697645000399;1618204.13;4854018.7;12.99;2.00
TOS11000101;0;Pontremoli;Pontremoli;MS;;pluviometro;mm;749757;44.3694914381017;9.89274859428406;1571159.61;4913316.12;340.00;
TOS09001080;0;Pontremoli depuratore;Pontremoli;MS;;pluviometro;mm;734607;44.369315040343;9.88311409950256;1570392.19;4913288.2;226.00;2.00
TOS09001080;0;Pontremoli depuratore;Pontremoli;MS;;pluviometro;mm;734627;44.369315040343;9.88311409950256;1570392.19;4913288.2;226.00;2.00
TOS11000012;0;Portoferraio;Portoferraio;LI;;pluviometro;mm;749057;42.7957446368;10.3601142575;1611257.9;4739045.82;10.00;2.00
TOS01001205;0;Prato Università;Prato;PO;;pluviometro;mm;736907;43.8855563854925;11.0992129147053;1668657.13;4861319.7;65.00;2.00
TOS01001205;0;Prato Università;Prato;PO;;pluviometro;mm;736927;43.8855563854925;11.0992129147053;1668657.13;4861319.7;65.00;2.00
TOS11000078;0;Pratomagno;Loro Ciuffenna;AR;;pluviometro;mm;750557;43.5695273361;11.7242185607;1720018.9;4827684.82;695.00;
TOS02000441;0;Prunetta;San Marcello Piteglio;PT;;pluviometro;mm;731307;44.0084773589312;10.8040130138397;1644645.31;4874412.25;960.00;2.00
TOS01005373;0;Puretta;Pomarance;PI;Cecina;pluviometro;mm;743707;43.3067647008644;10.9270278051149;1656316.9;4796700.28;147.35;2.00
TOS01005373;0;Puretta;Pomarance;PI;Cecina;pluviometro;mm;743727;43.3067647008644;10.9270278051149;1656316.9;4796700.28;147.35;2.00
TOS11000513;0;Quercianella;Livorno;LI;;pluviometro;mm;752657;43.4795624901;10.3476862193968;1609019.98;4814969.55;244.00;
TOS01001284;0;Radda in Chianti;Radda in Chianti;SI;;pluviometro;mm;744357;43.4860264800064;11.3791108131409;1692414.87;4817554.89;495.00;2.00
TOS11000061;0;Radicofani;Radicofani;SI;;pluviometro;mm;750507;42.9482874004;11.7331319818;1722995.9;4758712.82;618.00;2.00
TOS01000979;0;Razzuolo;Borgo San Lorenzo;FI;;pluviometro;mm;738507;44.0315840014648;11.4677256345749;1697774.78;4878357.41;637.00;2.00
TOS01000979;0;Razzuolo;Borgo San Lorenzo;FI;;pluviometro;mm;738527;44.0315840014648;11.4677256345749;1697774.78;4878357.41;637.00;2.00
TOS03000278;0;Renaio;Barga;LU;;pluviometro;mm;734657;44.1087875211027;10.5268201644959;1622217.93;4885104.85;1013.00;2.00
TOS02000079;0;Retignano;Stazzema;LU;;pluviometro;mm;732607;44.0050260199117;10.271503329277;1601963.25;4873232.72;420.00;2.00
TOS02000079;0;Retignano;Stazzema;LU;;pluviometro;mm;732627;44.0050260199117;10.271503329277;1601963.25;4873232.72;420.00;2.00
TOS03000715;0;Rigomagno;Sinalunga;SI;;pluviometro;mm;748307;43.262591;11.695261;1718783.36;4793519.15;395.00;3.00
TOS03000715;0;Rigomagno;Sinalunga;SI;;pluviometro;mm;748327;43.262591;11.695261;1718783.36;4793519.15;395.00;3.00
TOS11000059;0;Ripa d'Orcia;Castiglione d'Orcia;SI;;pluviometro;mm;749357;43.027280959477;11.582485452656;1710435.9;4767096.82;506.00;
TOS02004311;0;Ripafratta;San Giuliano Terme;PI;Serchio;pluviometro;mm;730407;43.8188590462346;10.4142572351643;1613761.61;4852742.01;11.00;2.00
TOS02004311;0;Ripafratta;San Giuliano Terme;PI;Serchio;pluviometro;mm;730427;43.8188590462346;10.4142572351643;1613761.61;4852742.01;11.00;2.00
TOS01002231;0;Riparbella;Riparbella;PI;;pluviometro;mm;743607;43.3674406389091;10.6022270916775;1629844.9;4802882.13;230.00;
TOS01002231;9;Riparbella9;Riparbella;PI;;pluviometro;mm;932916;43.3674406389091;10.6022270916775;1629844.9;4802882.13;230.00;
TOS11000005;0;Rispescia;Grosseto;GR;;pluviometro;mm;752757;42.7061742937422;11.1445470086836;1675662.34;4730432.47;25.00;
TOS09001088;0;Rocca Sigillina;Filattiera;MS;;pluviometro;mm;732957;44.3663545465093;9.95640814304352;1576235.76;4913024.93;484.00;
TOS09001088;0;Rocca Sigillina;Filattiera;MS;;pluviometro;mm;732977;44.3663545465093;9.95640814304352;1576235.76;4913024.93;484.00;
TOS03003019;0;Roccalbegna;Roccalbegna;GR;;pluviometro;mm;746257;42.7863851574518;11.5057238069312;1704978.56;4740154.66;522.00;2.00
TOS03003019;0;Roccalbegna;Roccalbegna;GR;;pluviometro;mm;746277;42.7863851574518;11.5057238069312;1704978.56;4740154.66;522.00;2.00
TOS03002531;0;Roccastrada;Roccastrada;GR;;pluviometro;mm;745757;43.0162771001025;11.1651850794091;1676466.95;4764913.03;504.00;2.00
TOS03002531;0;Roccastrada;Roccastrada;GR;;pluviometro;mm;745777;43.0162771001025;11.1651850794091;1676466.95;4764913.03;504.00;2.00
TOS11000015;0;Roccatederighi;Roccastrada;GR;;pluviometro;mm;750257;43.0328259064026;11.0638195897922;1668161.41;4766542.77;475.00;
TOS01000991;0;Ronta;Borgo San Lorenzo;FI;;pluviometro;mm;738557;44.0090483828061;11.436408162117;1695339.19;4875779.65;380.00;2.00
TOS01000961;0;S. Agata di Mugello;Scarperia e San Piero;FI;;pluviometro;mm;737607;44.0206942715915;11.3372092173825;1687350.28;4876842.88;357.00;2.00
TOS01001634;0;S. Baronto;Quarrata;PT;;pluviometro;mm;736207;43.8451085083912;10.9062361224577;1653258.9;4856451.47;442.00;2.00
TOS01001634;0;S. Baronto;Quarrata;PT;;pluviometro;mm;736227;43.8451085083912;10.9062361224577;1653258.9;4856451.47;442.00;2.00
TOS01005377;0;S. Dalmazio;Pomarance;PI;Pavone;pluviometro;mm;743757;43.253492802221;10.9435685033431;1657796.07;4790815.11;247.00;
TOS03003099;0;S. Donato;Orbetello;GR;;pluviometro;mm;746857;42.5537441718038;11.2370824813843;1683688.88;4713702.01;21.00;2.00
TOS03002476;0;S. Ferdinando;Massa Marittima;GR;;pluviometro;mm;743457;43.0700712305636;10.8148265546918;1647786.92;4770210.25;334.00;2.00
TOS11000052;0;S. Fiora;Arcidosso;GR;;pluviometro;mm;747257;42.8544802987822;11.5557932853699;1708844.63;4747839.81;813.00;2.00
TOS11000052;1;S. Fiora1;Arcidosso;GR;;pluviometro;mm;747277;42.8544802987822;11.5557932853699;1708844.63;4747839.81;813.00;2.00
TOS01001419;0;S. Gimignano;San Gimignano;SI;;pluviometro;mm;736957;43.4713556036533;11.0412899806301;1665136.53;4815199.95;306.00;2.00
TOS01001419;0;S. Gimignano;San Gimignano;SI;;pluviometro;mm;736977;43.4713556036533;11.0412899806301;1665136.53;4815199.95;306.00;
TOS01005191;0;S. Giovanni alla Vena valle;Vicopisano;PI;Arno;pluviometro;mm;735007;43.6845859404321;10.5853378772736;1627805.14;4838078.4;7.63;2.00
TOS01005191;0;S. Giovanni alla Vena valle;Vicopisano;PI;Arno;pluviometro;mm;735027;43.6845859404321;10.5853378772736;1627805.14;4838078.4;7.63;
TOS09001083;0;S. Giustina;Pontremoli;MS;Magra;pluviometro;mm;608301;44.3617025874897;9.89669144153595;1571483.22;4912454.4;205.00;2.00
TOS01001215;0;S. Giusto;Scandicci;FI;;pluviometro;mm;740057;43.7599520295814;11.1937648057938;1676622.55;4847566.45;42.00;2.00
TOS01001215;0;S. Giusto;Scandicci;FI;;pluviometro;mm;740077;43.7599520295814;11.1937648057938;1676622.55;4847566.45;42.00;2.00
TOS03002001;0;S. Luce;Santa Luce;PI;;pluviometro;mm;747407;43.4723833048861;10.5649520959091;1626605.92;4814479.6;196.00;2.00
TOS03002001;0;S. Luce;Santa Luce;PI;;pluviometro;mm;747427;43.4723833048861;10.5649520959091;1626605.92;4814479.6;196.00;2.00
TOS02000431;0;S. Marcello Pistoiese;San Marcello Piteglio;PT;;pluviometro;mm;733707;44.055375585255;10.788558125496;1643293.33;4879594.25;618.00;2.00
TOS02000431;0;S. Marcello Pistoiese;San Marcello Piteglio;PT;;pluviometro;mm;733727;44.055375585255;10.788558125496;1643293.33;4879594.25;618.00;2.00
TOS03003179;0;S. Martino;Portoferraio;LI;;pluviometro;mm;747957;42.782206;10.269164;1603842.66;4737426.44;320.00;
TOS03003179;0;S. Martino;Portoferraio;LI;;pluviometro;mm;747977;42.782206;10.269164;1603842.66;4737426.44;320.00;
TOS01001491;0;S. Miniato (Cimitero);San Miniato;PI;;pluviometro;mm;740407;43.6840311986947;10.8314788341522;1647645.29;4838425.48;102.00;2.00
TOS11000045;0;S. Miniato Poggio al Pino;San Miniato;PI;;pluviometro;mm;753407;43.6795020606;10.8935519873;1652659.9;4838034.82;117.00;
TOS01004621;0;S. Piero a Sieve-Sieve;Scarperia e San Piero;FI;Sieve;pluviometro;mm;737657;43.9651054700954;11.3280126726991;1686787.54;4870647.71;222.00;2.00
TOS11000032;0;S. Pietro a Marcigliano;Capannori;LU;;pluviometro;mm;752407;43.9059513595156;10.592987537384;1627948.49;4862676.31;238.00;
TOS11000035;0;S. Vincenzo;San Vincenzo;LI;;pluviometro;mm;752907;43.0524708281;10.5557162601;1626726.9;4767831.82;14.00;
TOS03002283;0;S. Vincenzo porto;S. Vincenzo;LI;;pluviometro;mm;747907;43.098262;10.5368552;1625097.66;4772888.74;1.00;10.00
TOS03002283;0;S. Vincenzo porto;S. Vincenzo;LI;;pluviometro;mm;747927;43.098262;10.5368552;1625097.66;4772888.74;1.00;
TOS01000651;0;Salutio;Castel Focognano;AR;;pluviometro;mm;739807;43.6151358433782;11.8131914208799;1727032.39;4832989.9;315.00;2.00
TOS11000057;0;Sambuca;San Casciano in Val di Pesa;FI;;pluviometro;mm;750007;43.5949512391002;11.2342443180703;1680374.89;4829327.68;325.00;
TOS03001241;0;Sammommè;Pistoia;PT;;pluviometro;mm;740907;44.0369238113167;10.9204253950119;1653903.8;4877782.61;785.00;2.00
TOS03001241;0;Sammommè;Pistoia;PT;;pluviometro;mm;740927;44.0369238113167;10.9204253950119;1653903.8;4877782.61;785.00;2.00
TOS11000010;0;Santermo;Casciana Terme Lari;PI;;pluviometro;mm;750707;43.5320423852;10.5783499986;1627563.9;4821125.82;210.00;
TOS11000093;0;Santomato;Pistoia;PT;;pluviometro;mm;750157;43.9470571325755;10.9877326708253;1659537.47;4867929.02;125.00;
TOS01002181;0;Sassa;Montecatini VC;PI;;pluviometro;mm;742757;43.257955773966;10.6913709640503;1637313.89;4790865.62;398.00;
TOS01002181;9;Sassa9;Montecatini VC;PI;;pluviometro;mm;932800;43.257955773966;10.6913709640503;1637313.89;4790865.62;398.00;
TOS01002381;0;Sassetta;Sassetta;LI;;pluviometro;mm;743057;43.1241348126285;10.6398671865463;1633424.6;4775920.83;351.00;
TOS03003071;0;Scansano;Scansano;GR;;pluviometro;mm;746407;42.6938309706495;11.329382149643;1690838.29;4729462.8;576.00;2.00
TOS03003071;0;Scansano;Scansano;GR;;pluviometro;mm;746427;42.6938309706495;11.329382149643;1690838.29;4729462.8;576.00;2.00
TOS11000025;0;Scorgiano;Monteriggioni;SI;;pluviometro;mm;748907;43.3662705449382;11.1514253603796;1674346.24;4803753.45;233.00;
TOS02000401;0;Selva dei Porci;San Marcello Piteglio;PT;;pluviometro;mm;733657;44.0720910859076;10.7942015322666;1643704.92;4881460.69;755.00;2.00
TOS11000055;0;Semproniano;Semproniano;GR;;pluviometro;mm;749257;42.730977101282;11.5965134103145;1712594.28;4734226.2;485.00;
TOS01001561;0;Serra Pistoiese;Marliana;PT;;pluviometro;mm;736257;43.9723128569819;10.755962880771;1640878.94;4870312.31;790.00;2.00
TOS01001561;0;Serra Pistoiese;Marliana;PT;;pluviometro;mm;736277;43.9723128569819;10.755962880771;1640878.94;4870312.31;790.00;2.00
TOS11000026;0;Sestino;Sestino;AR;;pluviometro;mm;750357;43.7496376548325;12.2746946518439;1763683.58;4849295.14;1000.00;
TOS11000063;0;Siberia;Crespina Lorenzana;PI;;pluviometro;mm;752957;43.5916354274;10.5437463984;1624644.9;4827691.82;41.00;
TOS01002661;0;Siena Poggio al Vento;Siena;SI;;pluviometro;mm;754107;43.3204477140485;11.3125920295715;1687546.02;4799013.84;348.00;
TOS01001379;0;Simignano;Sovicille;SI;;pluviometro;mm;744107;43.29205001405;11.1672339510648;1675841.2;4795543.72;420.00;2.00
TOS03000109;0;Soliera;Fivizzano;MS;Aulella;pluviometro;mm;734707;44.2023201756353;10.0625002384186;1584925.05;4894909.15;120.00;
TOS03005355;0;Solvay Pluvio;Rosignano;LI;;pluviometro;mm;744057;43.3822165515063;10.433052778244;1616109.76;4804273.74;2.00;
TOS11000091;0;Sorana;Pescia;PT;;pluviometro;mm;749607;43.9690941535097;10.7163905029729;1637712.17;4869888;560.00;
TOS03002761;0;Sovicille;Sovicille;SI;;pluviometro;mm;745157;43.2762942866471;11.2298598671249;1680968.43;4793927.65;260.00;2.00
TOS03002819;0;Spineta;Sarteano;SI;;pluviometro;mm;745257;42.9512102803769;11.8530038744563;1732764.48;4759362.51;633.00;2.00
TOS03002819;0;Spineta;Sarteano;SI;;pluviometro;mm;745277;42.9512102803769;11.8530038744563;1732764.48;4759362.51;633.00;2.00
TOS01005342;0;Stagno;Collesalvetti;LI;Scolmatore;pluviometro;mm;735807;43.5999732433535;10.3521305322647;1609161.97;4828348.25;1.11;2.00
TOS01005342;0;Stagno;Collesalvetti;LI;Scolmatore;pluviometro;mm;735827;43.5999732433535;10.3521305322647;1609161.97;4828348.25;1.11;
TOS01000581;0;Stia;Pratovecchio Stia;AR;;pluviometro;mm;740157;43.8017811102716;11.7176055908203;1718639.13;4853463.19;537.00;
TOS01000581;0;Stia;Pratovecchio Stia;AR;;pluviometro;mm;740177;43.8017811102716;11.7176055908203;1718639.13;4853463.19;537.00;
TOS11000105;0;Stia Monte;Pratovecchio Stia;AR;;pluviometro;mm;749857;43.8316361319098;11.7013138532639;1717220.23;4856736.24;838.00;
TOS11000042;0;Stiacciole;Grosseto;GR;;pluviometro;mm;753357;42.7888482818;11.1757717917;1677982.9;4739678.82;53.00;
TOS03001550;0;Stiappa Siap;Pescia;PT;;pluviometro;mm;736057;43.9949013858;10.7112444503;1637239.9;4872745.82;605.00;2.00
TOS01004725;0;Strada in Chianti;Greve in Chianti;FI;Ema;pluviometro;mm;739857;43.664319974058;11.3145424576712;1686641.75;4837209.64;144.00;2.00
TOS01004725;0;Strada in Chianti;Greve in Chianti;FI;Ema;pluviometro;mm;739877;43.664319974058;11.3145424576712;1686641.75;4837209.64;144.00;
TOS11000102;0;Strettoia;Pietrasanta;LU;;pluviometro;mm;749807;43.9930460584402;10.2093350887299;1596998.85;4871827.15;124.00;
TOS19000102;1;Strettoia1;Pietrasanta;LU;;pluviometro;mm;749827;43.9914560089837;10.2072429656982;1596833.68;4871648.09;70.00;
TOS11000070;0;Suvereto;Suvereto;LI;;pluviometro;mm;753857;43.0657290711223;10.6855988502502;1637275.12;4769508.5;35.00;
TOS11000021;0;Tavarnelle;Tavarnelle Val di Pesa;FI;;pluviometro;mm;748757;43.5719092116882;11.1625096530442;1674651.05;4826615.28;374.00;
TOS11000021;0;Tavarnelle;Tavarnelle Val di Pesa;FI;;pluviometro;mm;748777;43.5719092116882;11.1625096530442;1674651.05;4826615.28;374.00;
TOS09001230;0;Tendola;Fosdinovo;MS;;pluviometro;mm;733357;44.1560057807051;10.0338108846449;1582697.42;4889735.68;410.00;2.00
TOS09001230;0;Tendola;Fosdinovo;MS;;pluviometro;mm;733377;44.1560057807051;10.0338108846449;1582697.42;4889735.68;410.00;2.00
TOS02000339;0;Tereglio;Coreglia Antelminelli;LU;;pluviometro;mm;731257;44.0598455627244;10.5677855014801;1625599.84;4879730.47;590.00;2.00
TOS11000016;0;Terricciola;Terricciola;PI;;pluviometro;mm;749507;43.5418228712939;10.6494753833606;1633289.52;4822323.58;127.00;
TOS02000064;0;Terrinca;Stazzema;LU;;pluviometro;mm;732507;44.0285409202718;10.27563393116;1602253.98;4875849.61;840.00;2.00
TOS03004003;0;Torano;Carrara;MS;Carrione (ramo di Torano);pluviometro;mm;751257;44.0910352460468;10.1033321619034;1588353.39;4882591.58;142.00;
TOS02004081;0;Torre del Lago;Viareggio;LU;Lago Massaciuccoli;pluviometro;mm;730807;43.8318153682703;10.3068336557152;1605100.03;4854038.95;1.00;2.00
TOS02004081;0;Torre del Lago;Viareggio;LU;Lago Massaciuccoli;pluviometro;mm;730827;43.8318153682703;10.3068336557152;1605100.03;4854038.95;1.00;2.00
TOS03003063;0;Torricelle;Scansano;GR;;pluviometro;mm;746757;42.6421242613877;11.4251425060903;1698847.57;4723941.6;170.00;
TOS03003063;0;Torricelle;Scansano;GR;;pluviometro;mm;746777;42.6421242613877;11.4251425060903;1698847.57;4723941.6;170.00;
TOS03000855;0;Trappola;Loro Ciuffena;AR;;pluviometro;mm;748407;43.6189880565514;11.6526374060821;1714062.79;4832991.13;869.00;
TOS03000855;0;Trappola;Loro Ciuffena;AR;;pluviometro;mm;748427;43.6189880565514;11.6526374060821;1714062.79;4832991.13;869.00;
TOS09001180;0;Turano;Fivizzano;MS;;pluviometro;mm;733057;44.2464417246341;10.1516838366877;1591982.25;4899905.86;500.00;2.00
TOS09001180;0;Turano;Fivizzano;MS;;pluviometro;mm;733077;44.2464417246341;10.1516838366877;1591982.25;4899905.86;500.00;2.00
TOS01004921;0;Turbone;Montelupo Fiorentino;FI;Pesa;pluviometro;mm;737057;43.7186054635669;11.0359114408493;1664028.36;4842649.71;45.00;2.00
TOS01004921;0;Turbone;Montelupo Fiorentino;FI;Pesa;pluviometro;mm;737077;43.7186054635669;11.0359114408493;1664028.36;4842649.71;45.00;2.00
TOS03003053;0;Usi;Roccalbegna;GR;;pluviometro;mm;746357;42.7183037033306;11.4909795445551;1703995.81;4732558.34;411.00;2.00
TOS02000191;0;Vagli di Sotto;Vagli Sotto;LU;;pluviometro;mm;733607;44.10854556;10.28942639;1603220.14;4884752.93;581.00;2.00
TOS01000941;0;Vaglia;Vaglia;FI;;pluviometro;mm;739657;43.9083388676673;11.2748556564472;1682696.88;4864223.67;340.00;2.00
TOS01000941;0;Vaglia;Vaglia;FI;;pluviometro;mm;739677;43.9083388676673;11.2748556564472;1682696.88;4864223.67;340.00;2.00
TOS03002640;0;Vagliagli;Castelnuovo Berardenga;SI;;pluviometro;mm;747807;43.4207434099839;11.3459343370811;1689936.29;4810228.23;524.00;2.00
TOS03002640;0;Vagliagli;Castelnuovo Berardenga;SI;;pluviometro;mm;747827;43.4207434099839;11.3459343370811;1689936.29;4810228.23;524.00;2.00
TOS01001961;0;Valle Benedetta;Livorno;LI;;pluviometro;mm;742557;43.5212038106386;10.4038358056851;1613482.94;4819669.27;300.00;2.00
TOS02000108;0;Vallelunga;Camaiore;LU;;pluviometro;mm;731707;43.9690187945975;10.3361437042074;1607210.13;4869315.38;671.00;2.00
TOS02000108;0;Vallelunga;Camaiore;LU;;pluviometro;mm;731727;43.9690187945975;10.3361437042074;1607210.13;4869315.38;671.00;2.00
TOS01000901;0;Vallombrosa;Reggello;FI;;pluviometro;mm;740257;43.7313674985662;11.5568205714226;1705946.48;4845230.11;980.00;2.30
TOS01000901;0;Vallombrosa;Reggello;FI;;pluviometro;mm;740277;43.7313674985662;11.5568205714226;1705946.48;4845230.11;980.00;
TOS01000571;0;Vallucciole;Pratovecchio Stia;AR;;pluviometro;mm;739707;43.8420216985025;11.6574758291245;1713658.39;4857775.52;745.00;2.00
TOS01000025;0;Vara;Carrara;MS;;pluviometro;mm;734557;44.0837625913739;10.1296520233154;1590471.43;4881812.38;409.00;2.00
TOS01005489;0;Vecchia SS Aurelia;Campiglia Marittima;LI;Cornia;pluviometro;mm;743407;43.0190101380753;10.6139630729366;1631542.04;4764205.54;12.00;
TOS01005489;0;Vecchia SS Aurelia;Campiglia Marittima;LI;Cornia;pluviometro;mm;743427;43.0190101380753;10.6139630729366;1631542.04;4764205.54;12.00;
TOS02004365;0;Vecchiano;Vecchiano;PI;Serchio;pluviometro;mm;730457;43.7805140870197;10.3988868951053;1612597.53;4848462.2;6.00;2.00
TOS02004365;0;Vecchiano;Vecchiano;PI;Serchio;pluviometro;mm;730477;43.7805140870197;10.3988868951053;1612597.53;4848462.2;6.00;2.00
TOS11000004;0;Venturina;Piombino;LI;;pluviometro;mm;747207;42.9934731692;10.6406850546;1633774.9;4761411.82;8.00;2.00
TOS02000047;0;Vergheto;Massa;MS;;pluviometro;mm;731407;44.0944894493872;10.1706790924072;1593739.19;4883049.69;845.00;2.00
TOS01001171;0;Vernio;Vernio;PO;;pluviometro;mm;737807;44.0566764643598;11.1205574856121;1669883.12;4880369.81;695.00;2.00
TOS02004091;0;Viareggio 1;Viareggio;LU;Canale Burlamacca;pluviometro;mm;730707;43.8676683126113;10.2594816684723;1601232.22;4857961.94;0.00;2.00
TOS02004091;0;Viareggio 1;Viareggio;LU;Canale Burlamacca;pluviometro;mm;730727;43.8676683126113;10.2594816684723;1601232.22;4857961.94;0.00;2.00
TOS03000481;0;Viareggio Lungomare;Viareggio;LU;;pluviometro;mm;754057;43.8718380519318;10.2403429774933;1599687.43;4858401.8;25.00;24.00
TOS01000861;0;Villa dell'Olio;Loro Ciuffenna;AR;;pluviometro;mm;744407;43.5917952629676;11.6047328710556;1710292.15;4829848.52;300.00;2.00
TOS02000203;0;Villacollemandina;Villa Collemandina;LU;;pluviometro;mm;731757;44.1593435254171;10.386128056805;1610863.96;4890520.93;502.00;2.00
TOS09001120;0;Villafranca;Villafranca Lunigiana;MS;;pluviometro;mm;732107;44.2911365622917;9.94858577520253;1575709.14;4904662.87;121.00;2.00
TOS09001120;0;Villafranca;Villafranca Lunigiana;MS;;pluviometro;mm;732127;44.2911365622917;9.94858577520253;1575709.14;4904662.87;121.00;2.00
TOS11000100;0;Villafranca;Villafranca in Lunigiana;MS;;pluviometro;mm;748657;44.2503174776504;9.96889650821686;1577383.08;4900147.89;156.00;
TOS01001011;0;Villore;Vicchio;FI;;pluviometro;mm;739757;43.9643084646243;11.5410372201751;1703879.9;4871063.6;365.00;2.00
TOS01001371;0;Vinci;Vinci;FI;;pluviometro;mm;737107;43.7857930699189;10.9595175669939;1657697.95;4849963.61;250.00;2.00
TOS03001145;0;Vingone;Scandicci;FI;;pluviometro;mm;740707;43.743094638843;11.1822556269836;1675745.41;4845669.68;54.00;2.00
TOS01001664;0;Volterra;Volterra;PI;;pluviometro;mm;735707;43.4090460119076;10.8622491359711;1650809.5;4807940.3;462.00;2.00
TOS01001664;0;Volterra;Volterra;PI;;pluviometro;mm;735727;43.4090460119076;10.8622491359711;1650809.5;4807940.3;462.00;
TOS11000502;0;Zoo di Poppi;Poppi;AR;;pluviometro;mm;753757;43.736;11.7825;1724105.17;4846330.51;417.00;
