index,Nome,Unita' Misura,LAT [°],LON [°],GB E [m],GB N [m],Quota,30/04/2025,01/05/2025,02/05/2025,03/05/2025,04/05/2025,05/05/2025,06/05/2025,07/05/2025,08/05/2025,09/05/2025,10/05/2025,11/05/2025,12/05/2025,13/05/2025,14/05/2025,15/05/2025,16/05/2025,17/05/2025,18/05/2025,19/05/2025,20/05/2025,21/05/2025,22/05/2025,23/05/2025,24/05/2025,25/05/2025,26/05/2025,27/05/2025,28/05/2025,29/05/2025,30/05/2025
TOS11000114,Abbadia S. S. - Laghetto Verde,mm,42.8831027447861,11.6616225242615,1717391.08,4751286.43,910.0,14.0,15.6,15.8,14.4,13.7,12.4,11.0,9.6,9.2,10.3,11.5,12.1,11.6,11.8,12.9,14.0,9.6,9.6,11.5,14.2,13.8,12.7,12.2,11.9,11.2,12.6,14.3,13.4,15.2,17.1,17.5
TOS11000115,Abbadia S. S. - Vetta Amiata,mm,42.8901,11.6252,1714392.23,4751970.05,1678.0,10.0,10.9,11.9,10.1,9.8,7.1,5.2,3.7,3.1,4.5,6.2,7.1,6.7,6.7,8.0,8.3,3.2,4.0,5.8,8.8,8.8,7.1,6.9,5.4,5.3,6.9,9.4,8.9,9.3,11.0,12.7
TOS19000115,Abbadia S. S. - Vetta Amiata1,mm,42.8901,11.6252,1714392.23,4751970.05,1678.0,0.0,0.0,0.0,0.0,0.0,0.0,0.0,0.0,0.0,0.0,0.0,0.0,0.0,0.0,0.0,0.0,0.0,0.0,0.0,0.0,0.0,0.0,0.0,0.0,0.0,0.0,0.0,0.0,0.0,0.0,0.0
TOS07000001,Abbadia S. Salvatore,mm,42.8943436457514,11.6693687438965,1717984.09,4752554.84,855.0,16.1,17.7,18.0,16.1,14.6,13.0,11.1,9.8,9.5,11.4,13.0,13.5,13.2,12.8,14.6,15.0,9.9,10.9,12.7,15.6,14.5,13.1,13.5,11.9,11.5,13.3,15.6,14.2,16.1,17.6,18.7
TOS11000094,Acquerino,mm,44.0232663644,11.0252704749,1662341.9,4876466.82,950.0,14.7,16.4,18.1,14.5,12.3,10.7,9.4,7.7,8.1,9.4,10.3,11.5,12.6,11.3,13.0,14.3,9.3,10.2,10.7,12.7,12.2,12.0,10.1,8.5,10.5,12.7,13.2,13.1,14.6,17.5,19.1
TOS11000077,Albano,mm,43.8765290740426,10.8595333459538,1649426.23,4859855.79,465.0,19.5,19.8,19.3,16.0,15.1,14.1,13.2,10.8,11.9,13.4,15.3,15.9,15.1,15.3,17.0,17.1,13.4,13.5,13.9,16.3,14.2,15.1,13.4,14.0,15.3,15.9,16.4,16.6,17.9,19.8,21.4
TOS19000077,Albano1,mm,43.8765618654789,10.8595380682414,1649426.53,4859859.44,465.0,0.0,0.0,0.0,0.0,0.0,0.0,0.0,0.0,0.0,0.0,0.0,0.0,0.0,0.0,0.0,0.0,0.0,0.0,0.0,0.0,0.0,0.0,0.0,0.0,0.0,0.0,0.0,0.0,0.0,0.0,0.0
TOS11000103,Alberese,mm,42.6610918479,11.0170383112,1665338.9,4725168.82,1.0,17.3,17.0,17.9,17.0,18.6,19.1,18.3,14.7,15.3,15.6,15.9,16.1,16.6,17.7,17.4,17.4,16.8,14.7,16.7,19.2,18.6,17.5,18.9,17.4,18.2,17.2,17.6,18.6,19.1,19.5,20.3
TOS11000039,Anghiari,mm,43.5592947261819,12.0974015255405,1750198.36,4827604.49,312.0,16.3,16.6,17.7,16.2,16.3,15.0,14.9,12.3,13.0,14.5,14.8,14.8,14.7,13.9,15.4,15.4,13.3,12.4,12.6,17.1,16.1,16.7,16.1,14.2,14.7,15.2,16.3,16.7,19.0,19.6,19.8
TOS01002085,Anqua,mm,43.2152422191,10.9873096111,1661447.74,4786650.61,440.0,19.3,20.5,21.1,18.0,16.4,15.1,13.5,11.5,12.0,14.0,15.5,17.1,15.0,15.4,16.9,18.4,14.0,14.0,15.2,17.4,15.4,15.9,15.7,14.6,15.5,17.0,18.1,17.9,18.9,20.8,22.8
TOS11000049,Aquilea,mm,43.9136803352,10.5019687047,1620623.9,4863397.82,134.0,18.9,19.5,19.9,17.1,17.1,16.9,15.5,11.7,13.5,15.0,16.5,17.0,16.6,17.1,17.9,17.9,16.2,15.1,15.3,17.6,15.6,17.1,15.1,15.8,16.3,17.0,17.3,17.7,19.0,20.9,22.0
TOS01000772,Arezzo - Fattoria San Fabiano,mm,43.4771402,11.9037761692,1734877.77,4817915.0,305.0,18.5,18.5,19.8,16.8,16.6,15.3,14.4,12.2,12.5,14.1,15.4,15.6,14.8,14.6,16.0,15.9,13.4,13.1,13.0,16.9,16.3,16.2,15.3,14.1,15.2,16.3,16.9,17.4,18.9,20.4,21.1
TOS11000079,Argentario,mm,42.3867740446267,11.1695700779503,1678620.32,4695016.57,615.0,17.9,19.1,19.4,16.4,13.7,13.9,13.8,12.1,12.7,12.4,15.4,15.8,14.3,14.3,15.8,16.5,13.6,12.4,13.7,14.5,13.6,14.7,14.1,14.0,15.0,15.3,17.1,16.2,17.6,19.3,21.3
TOS11000076,Artimino,mm,43.7677058350177,11.0483503416056,1664895.51,4848127.79,107.0,19.3,19.3,20.1,17.2,17.1,16.4,15.5,12.7,13.8,15.3,16.7,17.5,16.9,17.4,19.0,18.9,15.9,15.6,15.1,18.7,16.4,16.8,16.1,16.2,17.6,17.6,18.2,18.6,20.3,22.2,22.9
TOS01004007,Avenza,mm,44.0451579699098,10.0601259103135,1584960.23,4877450.56,15.0,19.2,19.1,19.3,17.6,17.5,18.0,16.9,14.3,14.6,15.8,17.2,17.9,17.6,18.2,19.1,18.6,18.2,16.8,16.7,19.0,17.8,17.4,18.1,17.6,17.6,17.9,18.6,19.0,19.3,20.3,21.5
TOS02000083,Azzano,mm,44.0235999195664,10.2284377813339,1598480.03,4875243.37,430.0,19.3,19.5,19.9,16.7,15.1,14.1,13.0,10.8,10.9,13.1,14.5,15.8,14.6,14.8,15.1,16.6,14.9,12.9,13.6,15.0,15.2,14.4,13.8,13.8,14.6,15.3,15.6,16.0,16.9,19.1,20.7
TOS11000054,Baccinello,mm,42.7955114957092,11.4059878598442,1696791.62,4740930.49,370.0,17.4,18.2,18.8,17.2,16.8,16.7,14.6,12.6,13.3,14.5,15.9,15.5,16.0,15.9,16.1,16.9,13.9,13.4,15.8,16.9,17.0,15.2,16.5,15.2,14.8,16.4,17.9,17.9,18.5,21.3,21.7
TOS01000811,Badia Agnano,mm,43.4364985308398,11.6490805149078,1714421.64,4812713.8,261.0,15.9,16.4,17.6,14.9,15.5,14.8,14.1,11.4,12.1,13.4,14.4,14.0,13.9,13.8,14.7,15.1,13.0,12.4,12.2,16.9,16.0,15.5,14.9,14.6,14.3,14.4,15.5,16.3,17.8,19.0,19.8
TOS01001263,Baggio,mm,43.9912398824678,10.9641623497009,1657529.17,4872791.09,525.0,19.2,20.2,20.4,16.4,15.2,13.7,12.8,10.3,11.1,12.8,14.6,15.5,15.4,14.2,16.7,17.7,13.1,13.7,13.7,15.6,15.0,14.8,13.0,13.2,15.1,16.1,15.6,16.1,17.8,19.9,22.2
TOS11000092,Bagni di Lucca,mm,44.0342352352,10.6001824293,1628249.9,4876935.82,565.0,18.0,18.4,19.2,16.0,14.4,13.8,12.9,9.6,10.8,12.2,13.8,14.4,14.6,14.0,15.3,15.9,13.7,11.9,12.6,15.5,13.2,14.5,12.7,12.7,14.3,15.1,16.1,15.3,17.0,19.9,20.7
TOS09000015,Bagnone,mm,44.3096634492209,9.98412478905929,1578519.8,4906754.13,195.0,0.0,0.0,0.0,0.0,0.0,0.0,0.0,0.0,0.0,0.0,0.0,0.0,0.0,0.0,0.0,0.0,0.0,0.0,0.0,0.0,0.0,0.0,0.0,0.0,0.0,0.0,0.0,0.0,0.0,0.0,0.0
TOS11000022,Barberino,mm,43.5117579417169,11.2358395724122,1680752.22,4820091.41,430.0,18.8,19.9,20.6,17.9,16.5,14.4,13.7,11.5,11.5,13.4,15.2,16.3,15.2,14.6,17.2,17.8,13.4,14.2,14.4,17.1,15.9,15.3,15.0,13.7,15.1,16.7,17.4,17.7,18.3,20.4,23.0
TOS30287500,Barco,mm,44.0541666844,11.3920000556,1691633.74,4880686.74,780.0,15.3,16.9,18.9,15.2,14.1,11.8,11.5,9.9,10.2,11.2,12.9,13.2,14.5,13.4,14.1,15.5,10.5,12.0,12.2,14.6,14.0,13.2,12.0,10.1,11.6,13.8,14.3,14.7,16.2,18.2,19.7
TOS11000048,Barga,mm,44.0699582560682,10.4587989104394,1616850.72,4880693.32,270.0,16.6,16.7,17.6,15.6,16.2,15.8,14.4,9.9,12.6,13.2,13.6,14.4,14.6,15.3,15.6,15.8,14.7,13.0,12.9,16.2,14.0,15.7,14.0,14.4,14.1,15.6,16.6,15.8,17.8,19.8,20.1
TOS03002571,Batignano,mm,42.8680433904281,11.1656384292221,1676927.99,4748452.18,140.0,0.0,0.0,0.0,0.0,0.0,0.0,0.0,0.0,0.0,0.0,0.0,0.0,0.0,0.0,0.0,0.0,0.0,0.0,0.0,0.0,0.0,0.0,0.0,0.0,0.0,0.0,0.0,0.0,0.0,0.0,0.0
TOS01000721,Bettolle,mm,43.2029078818724,11.8035006523132,1727791.09,4787179.82,292.0,0.0,0.0,0.0,0.0,0.0,0.0,0.0,0.0,0.0,0.0,0.0,0.0,0.0,0.0,0.0,0.0,0.0,0.0,0.0,0.0,0.0,0.0,0.0,0.0,0.0,0.0,0.0,0.0,0.0,0.0,0.0
TOS01000626,Bibbiena,mm,43.7141492697,11.8309493029,1728089.9,4844035.82,415.0,0.0,0.0,0.0,0.0,0.0,0.0,0.0,0.0,0.0,0.0,0.0,0.0,0.0,0.0,0.0,0.0,0.0,0.0,0.0,0.0,0.0,0.0,0.0,0.0,0.0,0.0,0.0,0.0,0.0,0.0,0.0
TOS11000009,Bibbona,mm,43.2622180533,10.5966921413,1629619.9,4791187.82,70.0,19.0,18.8,19.0,18.1,18.0,18.8,15.7,13.3,14.5,15.8,16.4,17.2,17.0,17.8,18.0,18.7,16.9,15.4,16.8,19.2,17.8,17.3,17.5,17.4,17.7,17.8,19.5,19.2,19.7,21.0,22.0
TOS01005251,Bocca d'Arno,mm,43.6807297973597,10.2803492546082,1603230.02,4837225.44,1.0,17.6,17.5,18.1,16.8,17.2,18.4,17.3,13.9,13.8,15.3,16.2,16.5,16.6,18.0,18.0,18.2,17.9,15.0,15.2,17.5,17.1,16.5,17.3,17.4,17.3,17.3,18.5,18.5,19.0,19.9,20.3
TOS02004369,Bocca di Serchio,mm,43.781358231987,10.2697330713272,1602203.08,4848388.46,-0.23,0.0,0.0,0.0,0.0,0.0,0.0,0.0,0.0,0.0,0.0,0.0,0.0,0.0,0.0,0.0,0.0,0.0,0.0,0.0,0.0,0.0,0.0,0.0,0.0,0.0,0.0,0.0,0.0,0.0,0.0,0.0
TOS02004271,Borgo a Mozzano,mm,43.9798766944972,10.5515098571777,1624463.43,4870823.67,100.0,0.0,0.0,0.0,0.0,0.0,0.0,0.0,0.0,0.0,0.0,0.0,0.0,0.0,0.0,0.0,0.0,0.0,0.0,0.0,0.0,0.0,0.0,0.0,0.0,0.0,0.0,0.0,0.0,0.0,0.0,0.0
TOS01000999,Borgo S. Lorenzo,mm,43.9578774974215,11.3905102014542,1691824.58,4869988.3,196.0,16.2,16.4,18.5,16.3,16.2,15.4,15.2,12.5,13.7,13.7,15.6,14.9,15.9,15.9,16.0,15.8,14.3,14.3,14.1,18.1,15.6,16.4,15.9,14.7,14.6,15.7,16.3,16.6,19.0,20.3,20.8
TOS11000017,Borgo S. Lorenzo 2,mm,43.9862142623,11.3897064804,1691668.9,4873133.82,280.0,16.5,16.9,18.6,16.1,15.4,14.8,14.4,11.9,13.0,13.2,15.0,14.6,15.0,15.3,15.4,15.7,13.8,13.8,13.6,17.6,15.2,15.9,14.7,13.3,14.5,15.3,16.1,16.3,18.4,19.6,20.3
TOS09000023,Bosco di Rossano,mm,44.3049097296334,9.79750335216522,1563640.72,4906064.45,670.0,15.2,15.9,17.2,14.6,12.8,12.0,11.1,8.8,8.5,10.4,11.8,12.4,12.5,11.2,12.8,14.2,12.1,10.4,11.6,14.2,12.6,13.3,11.8,12.0,12.9,13.6,14.2,13.7,15.6,17.7,18.9
TOS02000351,Boscolungo,mm,44.1390944545056,10.6735396385193,1633891.2,4888699.4,1345.0,11.4,13.0,14.3,11.4,10.2,8.3,6.6,4.9,5.3,6.2,7.2,8.1,9.0,8.0,9.0,10.8,6.2,6.0,7.0,10.1,9.1,9.5,7.3,6.1,8.2,10.4,10.7,9.9,12.7,14.6,16.0
TOS11000008,Braccagni,mm,42.9312119898578,11.0804200172424,1669793.3,4755291.61,40.0,18.0,18.0,18.0,16.3,16.7,18.7,16.7,14.0,14.3,15.9,16.1,16.0,16.6,17.3,17.7,17.7,15.2,14.1,15.5,17.6,17.8,17.8,17.2,17.7,17.8,17.1,17.9,19.0,19.7,21.3,21.5
TOS11000067,Buonconvento,mm,43.091799982,11.4388065394,1698520.9,4773911.82,188.0,17.8,18.6,18.8,16.6,16.9,18.5,15.0,12.7,13.2,14.7,15.5,16.1,15.9,15.8,17.1,17.1,14.5,13.7,14.8,17.8,17.1,16.9,16.4,16.0,15.9,16.2,17.9,17.6,19.0,21.0,21.5
TOS02004195,Calavorno,mm,44.0197503467906,10.5351032113666,1623065.13,4875227.79,137.0,0.0,0.0,0.0,0.0,0.0,0.0,0.0,0.0,0.0,0.0,0.0,0.0,0.0,0.0,0.0,0.0,0.0,0.0,0.0,0.0,0.0,0.0,0.0,0.0,0.0,0.0,0.0,0.0,0.0,0.0,0.0
TOS03002551,Caldana,mm,42.8933127036581,10.9273840490634,1657401.56,4750785.23,146.0,20.7,21.0,20.8,18.1,17.3,17.9,17.0,14.0,14.2,16.2,17.4,18.2,17.3,18.4,18.9,18.8,16.9,15.9,16.9,17.6,17.2,18.0,17.4,17.0,18.3,18.5,19.3,19.5,20.1,22.4,23.5
TOS01004784,Calenzano,mm,43.8608554463453,11.154997493755,1673209.87,4858691.59,60.0,0.0,0.0,0.0,0.0,0.0,0.0,0.0,0.0,0.0,0.0,0.0,0.0,0.0,0.0,0.0,0.0,0.0,0.0,0.0,0.0,0.0,0.0,0.0,0.0,0.0,0.0,0.0,0.0,0.0,0.0,0.0
TOS01005485,Calzalunga,mm,43.0674010401297,10.722643319528,1640287.61,4769755.45,45.39,0.0,0.0,0.0,0.0,0.0,0.0,0.0,0.0,0.0,0.0,0.0,0.0,0.0,0.0,0.0,0.0,0.0,0.0,0.0,0.0,0.0,0.0,0.0,0.0,0.0,0.0,0.0,0.0,0.0,0.0,0.0
TOS02004059,Camaiore,mm,43.9337301878544,10.2810306072755,1602849.97,4865325.84,21.0,17.4,17.4,17.8,16.5,16.5,17.4,16.0,13.1,13.8,14.9,15.9,16.5,16.5,17.5,17.8,17.6,17.5,15.0,15.4,17.8,17.1,16.6,16.1,16.3,15.8,16.5,17.3,17.6,18.7,19.5,20.3
TOS01000611,Camaldoli,mm,43.8104162589896,11.817375720978,1726632.43,4854690.83,1111.0,12.8,14.0,15.8,13.1,11.3,9.2,8.6,7.2,7.2,8.1,9.2,9.6,10.2,9.5,10.2,12.3,6.5,7.9,8.3,11.2,11.4,10.3,9.3,7.0,7.7,10.5,11.8,11.6,13.8,14.8,16.2
TOS02000241,Campagrina,mm,44.0590032512466,10.2593421936035,1600896.71,4879212.98,807.0,13.2,14.3,15.6,13.8,12.2,11.5,10.2,7.2,7.2,8.8,9.7,10.9,10.6,11.4,10.8,12.5,11.2,8.9,9.3,12.4,11.0,11.9,10.5,9.5,10.1,12.2,13.1,12.4,14.5,16.6,16.9
TOS01002779,Campiano,mm,43.1024634210867,11.038738489151,1665930.1,4774226.38,500.0,17.4,18.4,18.7,15.7,14.7,14.9,12.9,10.6,11.1,12.9,13.8,14.2,14.9,14.0,15.3,16.3,12.3,12.0,13.9,15.9,14.8,15.2,14.7,13.7,13.8,15.5,16.6,15.6,17.4,19.4,20.7
TOS11000029,Campocecina,mm,44.1164210898,10.1039108175,1588361.9,4885411.82,960.0,15.2,16.7,17.6,13.3,11.4,10.0,8.6,6.8,7.3,9.4,11.7,12.6,11.5,11.8,12.5,14.2,11.2,9.5,9.6,12.0,11.8,11.5,9.4,10.5,11.9,12.6,12.2,12.8,14.6,17.7,19.0
TOS02004115,Camporgiano,mm,44.1629351860751,10.3384244441986,1607043.09,4890856.67,390.0,15.6,15.6,17.0,15.7,15.3,14.1,13.5,9.4,11.1,12.1,12.6,13.2,13.7,14.3,14.2,15.5,13.9,11.7,12.6,15.7,13.9,15.2,13.0,12.4,14.0,14.8,16.2,14.9,16.9,19.0,19.1
TOS11000027,Candia Scurtarola,mm,44.0477764274902,10.1095676422119,1588917.28,4877793.54,150.0,21.5,21.6,21.3,18.8,18.3,16.4,16.4,13.5,15.1,17.1,18.3,19.3,18.6,18.9,19.5,20.0,18.8,17.0,17.4,19.4,17.4,17.9,16.4,18.2,18.9,19.4,19.5,19.4,20.7,22.1,23.1
TOS02004011,Canevara,mm,44.0582926425628,10.1681212642033,1593591.47,4879026.4,105.0,0.0,0.0,0.0,0.0,0.0,0.0,0.0,0.0,0.0,0.0,0.0,0.0,0.0,0.0,0.0,0.0,0.0,0.0,0.0,0.0,0.0,0.0,0.0,0.0,0.0,0.0,0.0,0.0,0.0,0.0,0.0
TOS01002171,Canneto,mm,43.2023369745148,10.7393074035645,1641333.31,4784768.67,300.0,18.3,18.8,19.3,17.3,16.3,15.6,13.6,11.5,12.0,13.6,15.1,16.5,15.4,15.6,16.1,17.5,14.7,13.8,15.6,16.7,15.9,15.3,15.6,15.0,15.8,16.0,17.7,17.5,17.8,20.2,21.6
TOS01001151,Cantagallo,mm,44.0216098454103,11.0794835635152,1666691.43,4876391.04,555.0,0.0,0.0,0.0,0.0,0.0,0.0,0.0,0.0,0.0,0.0,0.0,0.0,0.0,0.0,0.0,0.0,0.0,0.0,0.0,0.0,0.0,0.0,0.0,0.0,0.0,0.0,0.0,0.0,0.0,0.0,0.0
TOS11000006,Capalbio,mm,42.4053981963964,11.3915663124431,1696836.87,4697575.32,12.0,17.8,18.6,17.6,16.8,17.6,19.3,18.2,16.6,15.9,16.9,17.2,16.4,17.0,18.8,17.9,18.3,17.4,16.1,17.0,17.9,18.2,18.5,18.7,19.3,19.3,19.0,17.8,19.1,20.2,21.7,21.7
TOS03003041,Capanne,mm,42.6908826532596,11.5467524524361,1708654.69,4729649.49,438.0,0.0,0.0,0.0,0.0,0.0,0.0,0.0,0.0,0.0,0.0,0.0,0.0,0.0,0.0,0.0,0.0,0.0,0.0,0.0,0.0,0.0,0.0,0.0,0.0,0.0,0.0,0.0,0.0,0.0,0.0,0.0
TOS02000161,Capanne di Sillano,mm,44.2560210553368,10.3096530963112,1604577.86,4901158.92,1035.0,0.0,0.0,0.0,0.0,0.0,0.0,0.0,0.0,0.0,0.0,0.0,0.0,0.0,0.0,0.0,0.0,0.0,0.0,0.0,0.0,0.0,0.0,0.0,0.0,0.0,0.0,0.0,0.0,0.0,0.0,0.0
TOS01005131,Capannoli,mm,43.5922849536088,10.6844192154688,1635999.05,4827984.59,28.61,17.6,17.3,18.0,16.5,16.9,17.5,15.0,12.5,13.4,15.3,16.0,16.6,16.3,17.8,17.5,18.1,16.1,14.4,13.8,17.6,16.1,16.5,16.1,16.5,16.4,16.5,17.6,18.1,19.1,20.4,20.9
TOS01000701,Capezzine,mm,43.182868183385,11.9321179389954,1738318.78,4785312.55,326.0,0.0,0.0,0.0,0.0,0.0,0.0,0.0,0.0,0.0,0.0,0.0,0.0,0.0,0.0,0.0,0.0,0.0,0.0,0.0,0.0,0.0,0.0,0.0,0.0,0.0,0.0,0.0,0.0,0.0,0.0,0.0
TOS03003145,Capraia Isola,mm,43.062569,9.821422,1566914.84,4768106.21,274.0,18.7,19.5,20.4,17.9,16.6,16.6,15.0,12.6,13.5,14.7,15.8,16.9,15.8,16.5,16.5,17.6,16.1,15.3,16.9,17.3,16.4,16.6,16.6,16.6,16.6,17.5,17.9,17.8,18.1,20.2,22.0
TOS02000077,Cardoso,mm,44.0097853041409,10.3189784288406,1605760.78,4873821.11,390.0,18.5,19.2,20.0,17.2,15.3,14.4,13.4,10.9,11.5,13.5,14.4,15.8,15.5,15.5,15.5,17.7,16.0,12.7,13.8,16.2,15.5,15.3,13.7,13.8,14.4,15.6,16.1,15.7,17.6,19.6,21.1
TOS11000096,Careggine,mm,44.104392029058,10.3369496051115,1607030.85,4884352.28,1100.0,14.7,16.3,17.3,14.1,11.9,9.7,8.8,5.9,6.9,8.8,10.7,11.4,10.8,11.0,12.0,13.6,9.4,8.3,9.5,12.2,10.4,11.4,8.9,9.3,11.0,12.4,13.1,11.6,14.4,17.6,18.8
TOS11000516,Casa Rota,mm,43.5855110268,11.5432949542,1705353.9,4828996.82,200.0,17.7,18.3,19.2,16.8,17.3,15.4,14.8,12.2,13.5,15.4,15.9,16.0,15.4,15.2,16.4,16.6,14.8,13.8,13.5,17.9,16.5,16.4,15.4,15.5,15.4,16.0,17.1,17.9,19.1,20.8,21.5
TOS11000505,Casa Sartori,mm,43.6672749363993,11.0418495019913,1664647.11,4836960.45,198.0,19.1,19.7,20.3,17.4,16.9,15.9,14.8,12.4,13.0,15.0,16.1,17.1,16.2,16.9,18.1,18.3,15.0,15.3,14.8,18.2,16.1,16.6,16.1,15.6,16.2,17.1,18.2,18.3,19.4,21.4,22.3
TOS01001781,Casciana Terme,mm,43.5269869030049,10.6127617427245,1630355.37,4820617.7,135.0,19.4,19.6,20.2,17.2,17.1,17.4,15.0,12.9,12.8,15.5,16.6,17.1,16.9,18.1,17.8,18.9,15.9,14.7,14.9,18.0,16.3,17.0,16.6,16.2,17.1,17.5,18.9,18.5,20.0,21.4,22.0
TOS01001225,Case Passerini,mm,43.8197472851772,11.1682332026888,1674393.27,4854153.6,33.0,19.5,19.5,20.6,18.1,17.6,17.3,16.6,13.7,14.8,15.6,17.3,17.9,17.3,18.4,19.2,18.7,16.6,16.5,15.6,19.3,17.7,18.0,16.8,16.7,18.1,18.0,18.9,19.3,20.8,22.7,23.5
TOS02000221,Casone di Profecchia,mm,44.2105454611326,10.4471719264984,1615644.89,4896292.15,1297.0,12.7,14.4,15.4,12.1,10.7,8.5,7.3,4.8,5.5,6.9,8.3,8.9,9.5,9.0,9.6,11.2,6.9,6.3,7.4,10.7,10.2,10.4,7.6,6.9,9.1,10.6,11.4,10.2,13.7,16.0,16.8
TOS02004215,Casotti di Cutigliano,mm,44.0982033246544,10.7516992092133,1640239.7,4884287.73,593.0,14.9,15.1,16.2,14.5,14.1,13.6,11.8,8.7,9.7,10.8,11.2,11.7,12.4,12.1,13.0,14.1,11.4,10.4,11.2,14.4,12.5,13.8,12.3,11.2,11.9,13.1,14.0,13.9,16.0,17.0,17.7
TOS11000013,Casotto dei Pescatori,mm,42.768622681,11.015953945,1664964.9,4737107.82,2.0,17.8,18.5,17.9,17.0,17.5,19.2,17.4,14.6,15.3,16.2,16.2,16.2,17.0,18.2,17.7,18.3,16.1,14.6,16.1,18.2,18.0,18.5,18.3,18.0,18.3,17.7,18.1,19.2,20.2,22.3,22.1
TOS03001021,Castagneto,mm,43.9394462799696,11.6426816284943,1712122.81,4868558.38,918.0,0.0,0.0,0.0,0.0,0.0,0.0,0.0,0.0,0.0,0.0,0.0,0.0,0.0,0.0,0.0,0.0,0.0,0.0,0.0,0.0,0.0,0.0,0.0,0.0,0.0,0.0,0.0,0.0,0.0,0.0,0.0
TOS11000069,Castagneto Carducci,mm,43.1891413634,10.6277168605,1632295.9,4783120.82,95.0,17.9,17.9,18.3,18.1,18.2,18.5,15.4,13.2,13.9,15.2,15.9,16.8,16.4,16.9,17.3,17.8,16.2,14.7,17.3,18.8,17.9,16.8,17.3,16.7,17.4,16.7,18.6,18.3,18.8,20.0,21.1
TOS03002515,Casteani,mm,42.9814657294719,10.9788393974304,1661372.62,4760672.32,59.0,0.0,0.0,0.0,0.0,0.0,0.0,0.0,0.0,0.0,0.0,0.0,0.0,0.0,0.0,0.0,0.0,0.0,0.0,0.0,0.0,0.0,0.0,0.0,0.0,0.0,0.0,0.0,0.0,0.0,0.0,0.0
TOS03002901,Castel del Piano,mm,42.8939559995409,11.5267103430462,1706336.73,4752152.02,566.0,18.0,19.2,19.4,17.7,16.4,16.0,13.4,10.9,11.8,13.4,15.0,16.0,15.5,15.1,16.4,16.8,12.4,13.0,15.1,17.1,16.0,15.0,15.6,14.5,14.3,16.1,17.9,17.2,18.2,20.4,21.9
TOS01004971,Castelfiorentino,mm,43.6044841303309,10.9683985578388,1658890.65,4829843.5,50.0,18.5,18.4,19.2,17.6,18.2,16.8,16.0,13.4,14.3,16.4,16.7,17.5,17.3,18.0,18.3,18.8,16.6,16.1,15.0,18.9,17.5,17.6,17.5,17.5,16.9,17.3,18.5,18.6,20.1,21.9,22.3
TOS03001286,Castellina in Chianti,mm,43.4731638223604,11.2884332711639,1685121.37,4815920.67,572.0,17.2,17.8,19.2,15.7,14.9,13.0,12.4,10.1,10.5,12.1,13.9,14.6,13.8,13.5,15.5,15.5,11.9,12.6,12.5,15.5,14.4,14.2,13.3,12.4,13.7,15.2,15.9,16.0,17.3,18.9,20.6
TOS03002016,Castellina Marittima ,mm,43.4104723221072,10.572811961174,1627371.46,4807615.8,325.0,18.8,18.4,18.8,17.0,16.6,15.9,13.1,11.4,11.9,13.5,14.7,16.1,15.4,15.5,16.2,17.0,14.5,14.1,15.2,17.4,16.1,15.1,15.2,15.3,15.8,16.0,17.2,17.4,18.1,20.1,20.8
TOS01001629,Castelmartini,mm,43.8205636848113,10.8254384994507,1646824.23,4853578.79,20.0,17.9,17.8,18.9,17.0,17.0,17.6,15.7,12.7,14.0,15.3,16.7,17.0,16.3,17.5,18.3,17.9,16.7,15.6,15.0,18.1,16.5,17.0,15.8,16.9,17.7,16.9,18.1,18.3,19.3,21.4,21.8
TOS11000019,Castelnuovo B.ga,mm,43.3697317501,11.4231991535,1696355.9,4804741.82,300.0,18.2,18.9,19.5,16.3,16.4,15.1,14.6,12.0,12.4,15.0,16.0,15.6,15.3,15.2,16.7,16.8,13.8,13.8,13.6,16.8,16.2,15.9,15.4,15.3,15.7,16.1,17.2,17.3,18.8,20.6,21.6
TOS11000056,Castelnuovo Val di Cecina,mm,43.2042356911,10.8805790609,1652805.9,4785227.82,770.0,16.2,17.9,18.8,15.3,13.7,12.6,11.2,8.6,9.1,11.2,13.1,14.5,13.0,12.7,14.6,15.8,10.9,11.2,12.1,13.8,13.8,13.3,12.7,11.4,12.4,14.3,15.2,15.2,15.8,18.3,20.4
TOS11000083,Castiglion Fibocchi,mm,43.5337984929579,11.743577773816,1721713.3,4823768.03,283.0,17.6,17.6,18.8,16.2,16.3,15.0,14.5,11.8,12.1,14.1,14.9,15.2,14.0,14.0,15.4,15.7,13.7,12.4,12.5,16.4,16.2,15.6,15.4,14.6,16.2,15.4,16.1,16.9,18.7,19.7,20.3
TOS01000761,Castiglion Fiorentino,mm,43.3428259433164,11.9289636611938,1737439.47,4803068.86,270.0,0.0,0.0,0.0,0.0,0.0,0.0,0.0,0.0,0.0,0.0,0.0,0.0,0.0,0.0,0.0,0.0,0.0,0.0,0.0,0.0,0.0,0.0,0.0,0.0,0.0,0.0,0.0,0.0,0.0,0.0,0.0
TOS11000058,Castiglione d'Orcia,mm,42.9607929338,11.6177070299,1713535.9,4759801.82,672.0,16.5,17.3,17.9,15.9,15.5,15.2,12.4,9.9,10.4,11.6,13.5,14.3,14.0,13.2,14.6,15.0,10.8,11.6,13.6,15.5,14.5,13.5,14.8,12.2,12.5,14.3,16.3,15.1,16.6,18.6,19.8
TOS01000911,Cavallina,mm,43.9835668812516,11.2374204397202,1679464.29,4872497.11,256.0,0.0,0.0,0.0,0.0,0.0,0.0,0.0,0.0,0.0,0.0,0.0,0.0,0.0,0.0,0.0,0.0,0.0,0.0,0.0,0.0,0.0,0.0,0.0,0.0,0.0,0.0,0.0,0.0,0.0,0.0,0.0
TOS11000002,Cecina,mm,43.351642300537,10.5227512121201,1623437.57,4801006.99,60.0,17.9,17.9,17.9,17.6,17.8,17.9,15.4,13.1,14.0,15.3,15.9,16.8,16.8,17.2,17.5,17.8,16.9,14.7,16.2,18.7,17.4,16.8,17.3,16.8,17.5,16.8,18.7,18.9,18.8,20.2,21.1
TOS01001102,Cercina,mm,43.8442580924,11.2614957698,1681818.9,4857076.82,305.0,0.0,0.0,0.0,0.0,0.0,0.0,0.0,0.0,0.0,0.0,0.0,0.0,0.0,0.0,0.0,0.0,0.0,0.0,0.0,0.0,0.0,0.0,0.0,0.0,0.0,0.0,0.0,0.0,0.0,0.0,0.0
TOS02000088,Cerreto,mm,44.0301430739306,10.1718837302826,1593937.29,4875904.12,477.0,0.0,0.0,0.0,0.0,0.0,0.0,0.0,0.0,0.0,0.0,0.0,0.0,0.0,0.0,0.0,0.0,0.0,0.0,0.0,0.0,0.0,0.0,0.0,0.0,0.0,0.0,0.0,0.0,0.0,0.0,0.0
TOS11000071,Cerreto Guidi,mm,43.7419772476,10.893657812,1652509.9,4844973.82,70.0,19.5,19.4,20.1,17.6,17.7,17.4,16.0,13.0,14.3,16.0,17.3,18.0,17.2,17.9,19.2,19.2,16.9,16.5,15.5,19.1,17.2,17.4,16.4,17.2,18.5,17.9,18.7,19.1,20.2,22.2,23.0
TOS01004967,Certaldo,mm,43.5446947082982,11.0347686363972,1664409.82,4823332.22,65.0,17.9,17.7,18.7,17.2,17.9,17.1,15.9,13.3,14.2,16.0,16.3,17.1,16.2,17.3,18.0,18.2,16.3,15.9,14.8,18.6,17.9,17.1,17.2,17.2,16.6,16.9,18.0,18.2,19.7,21.4,21.5
TOS02000081,Cervaiole,mm,44.0392623622005,10.2456092834473,1599829.91,4877003.64,1140.0,14.5,16.1,16.9,13.3,11.4,9.5,7.9,6.1,6.6,8.5,10.4,11.5,10.9,10.7,11.8,13.2,9.6,8.2,8.6,11.1,11.5,10.9,8.7,9.7,10.6,11.7,11.8,12.1,13.6,17.4,18.3
TOS11000037,Cesa,mm,43.3085084779,11.8253779496,1729171.9,4798967.82,246.0,17.8,18.0,19.2,16.8,16.5,16.4,14.9,13.3,13.5,15.0,16.1,15.8,15.4,15.4,16.5,16.6,13.9,13.5,13.5,17.8,16.6,17.0,16.5,15.4,15.7,16.2,17.6,17.5,19.3,20.6,20.7
TOS02000515,Chiatri,mm,43.8735517991165,10.3788257210399,1610810.97,4858768.43,285.0,0.0,0.0,0.0,0.0,0.0,0.0,0.0,0.0,0.0,0.0,0.0,0.0,0.0,0.0,0.0,0.0,0.0,0.0,0.0,0.0,0.0,0.0,0.0,0.0,0.0,0.0,0.0,0.0,0.0,0.0,0.0
TOS02004255,Chifenti,mm,44.0073215645,10.563969388,1625404.9,4873890.82,103.0,17.5,17.5,18.5,16.7,17.1,16.6,15.3,11.7,13.6,14.1,15.1,15.5,16.3,16.5,17.0,17.1,15.8,13.8,14.4,17.1,14.8,16.8,15.2,15.6,15.5,16.3,17.3,16.8,18.5,20.5,21.0
TOS11000036,Collesalvetti,mm,43.5838415482163,10.466719865799,1618442.34,4826713.56,15.0,17.4,17.3,17.9,16.7,16.8,18.0,16.0,12.9,13.5,15.4,16.2,16.7,16.7,17.8,17.6,18.1,16.7,14.4,14.6,17.9,16.5,16.7,16.2,16.5,16.5,16.8,18.1,18.7,19.4,20.3,20.8
TOS01001831,Coltano,mm,43.6379596001223,10.3909110651838,1612221.36,4832618.77,5.0,18.1,17.8,18.3,17.1,17.5,18.2,16.7,13.3,13.7,15.6,16.3,16.8,16.8,17.6,18.0,18.2,17.3,14.6,14.7,17.7,16.6,16.5,16.3,16.5,16.8,17.0,18.0,18.6,19.1,20.0,20.8
TOS09001143,Comano,mm,44.3038545055723,10.1196072883606,1589334.19,4906247.49,734.0,16.7,16.6,17.6,14.9,13.5,11.8,10.8,8.6,8.8,10.4,12.2,13.1,13.3,12.5,13.7,14.8,12.3,10.5,11.6,14.2,13.3,14.0,11.5,11.7,12.7,13.7,14.7,14.3,16.4,18.8,19.5
TOS01001041,Consuma,mm,43.7844662589114,11.5852010250092,1708048.04,4851198.64,955.0,14.4,15.9,16.3,13.9,13.5,11.0,9.3,7.3,7.8,9.5,10.9,11.8,12.2,11.1,11.7,12.8,8.4,9.6,9.3,12.0,12.1,10.9,10.7,8.9,9.8,11.6,12.2,13.0,14.5,16.1,17.6
TOS02000483,Convalle,mm,43.9524338622713,10.4225946573182,1614176.69,4867589.26,285.0,0.0,0.0,0.0,0.0,0.0,0.0,0.0,0.0,0.0,0.0,0.0,0.0,0.0,0.0,0.0,0.0,0.0,0.0,0.0,0.0,0.0,0.0,0.0,0.0,0.0,0.0,0.0,0.0,0.0,0.0,0.0
TOS01000751,Cortona,mm,43.2689953218663,11.9964480400085,1743204.17,4795063.3,427.0,18.3,18.9,20.0,17.8,17.0,16.8,14.5,12.6,13.1,15.2,15.6,15.8,15.5,15.1,16.6,16.1,13.2,13.9,14.5,17.3,16.6,16.3,15.8,14.6,15.6,16.3,17.4,17.1,18.5,19.9,21.0
TOS02000372,Croce Arcana,mm,44.1298825951382,10.7815355767621,1642551.71,4887857.66,1716.0,8.7,10.9,11.8,8.9,7.6,5.9,3.9,2.4,2.3,3.9,5.3,6.4,7.1,6.3,7.0,8.7,3.0,3.4,4.2,6.6,6.7,6.9,4.9,3.1,5.1,7.4,9.2,8.1,9.7,11.8,13.3
TOS01001029,Dicomano,mm,43.8882909751591,11.5198636164914,1702439.02,4862568.18,148.0,0.0,0.0,0.0,0.0,0.0,0.0,0.0,0.0,0.0,0.0,0.0,0.0,0.0,0.0,0.0,0.0,0.0,0.0,0.0,0.0,0.0,0.0,0.0,0.0,0.0,0.0,0.0,0.0,0.0,0.0,0.0
TOS11000003,Donoratico,mm,43.2236283369,10.5957952341,1629628.9,4786900.82,36.0,17.3,17.4,17.6,17.4,18.7,19.0,15.7,13.6,14.7,15.6,15.9,16.4,16.9,17.3,17.2,17.8,16.3,14.2,16.6,19.6,18.1,17.3,18.1,17.5,17.6,16.6,18.8,18.5,18.8,20.0,20.7
TOS01004941,Empoli,mm,43.7240333904642,10.9462226281349,1656789.38,4843078.98,25.0,19.2,18.8,19.9,17.7,17.8,17.8,16.2,13.2,14.4,15.8,17.3,17.9,17.1,18.2,19.2,18.9,16.9,16.2,15.5,18.8,17.6,17.5,16.7,17.2,18.3,17.3,18.5,19.1,20.1,22.0,22.9
TOS09001220,Equi Terme,mm,44.1692805706621,10.150101184845,1591975.86,4891333.61,250.0,16.5,16.6,17.4,15.3,15.3,14.6,14.1,10.2,11.1,12.0,14.0,14.9,14.8,15.6,14.6,15.8,16.3,13.3,13.9,16.7,14.0,15.6,14.1,14.3,14.7,15.4,16.2,16.3,17.4,19.4,19.6
TOS02000332,Fabbriche di Vallico,mm,43.9995956673499,10.4321350409482,1614851.27,4872840.69,345.0,16.0,16.6,17.6,15.9,14.8,15.1,13.4,10.0,12.1,12.4,13.5,14.2,14.8,14.3,15.3,15.6,13.8,12.1,12.4,15.6,13.8,15.3,13.6,13.8,13.5,15.0,15.9,15.1,17.1,19.0,19.6
TOS01001273,Fattoria Iavello,mm,43.9595748417469,11.0697776614288,1666086.48,4869481.21,518.0,0.0,0.0,0.0,0.0,0.0,0.0,0.0,0.0,0.0,0.0,0.0,0.0,0.0,0.0,0.0,0.0,0.0,0.0,0.0,0.0,0.0,0.0,0.0,0.0,0.0,0.0,0.0,0.0,0.0,0.0,0.0
TOS01001129,Ferrone,mm,43.6483971513375,11.2641472665911,1682626.76,4835329.01,150.0,0.0,0.0,0.0,0.0,0.0,0.0,0.0,0.0,0.0,0.0,0.0,0.0,0.0,0.0,0.0,0.0,0.0,0.0,0.0,0.0,0.0,0.0,0.0,0.0,0.0,0.0,0.0,0.0,0.0,0.0,0.0
TOS01001095,Firenze Genio Civile,mm,43.7791968198082,11.2580563274706,1681739.68,4849843.05,50.0,0.0,0.0,0.0,0.0,0.0,0.0,0.0,0.0,0.0,0.0,0.0,0.0,0.0,0.0,0.0,0.0,0.0,0.0,0.0,0.0,0.0,0.0,0.0,0.0,0.0,0.0,0.0,0.0,0.0,0.0,0.0
TOS01001096,Firenze Università,mm,43.7987882049039,11.2511399388313,1681123.9,4852003.85,84.0,19.4,19.7,20.6,18.1,17.7,16.4,16.1,13.5,14.6,15.4,16.9,17.3,17.3,17.4,18.9,18.4,15.8,16.3,15.4,18.9,17.3,17.1,16.1,15.8,17.4,17.6,18.4,18.7,20.4,22.0,23.0
TOS03000335,Foce a Giovo,mm,44.1182556665694,10.609263777733,1628795.2,4886282.2,1674.0,8.6,10.8,12.1,9.2,8.2,6.2,4.2,2.6,2.4,4.0,5.3,6.6,7.3,6.5,7.0,9.0,3.5,3.5,4.9,7.5,7.1,7.0,5.2,3.4,5.3,7.8,9.4,8.1,10.2,11.7,13.9
TOS03002459,Follonica,mm,42.9331,10.7654,1644082.44,4754913.42,15.0,17.4,17.2,16.6,16.7,17.8,18.9,17.0,13.5,14.4,15.7,15.4,15.3,16.2,17.4,17.1,16.4,16.1,14.2,16.3,18.0,18.0,18.0,17.5,17.6,17.4,17.1,17.6,17.9,19.0,20.8,20.4
TOS01005005,Fornacino,mm,43.631551480279,10.8498456471217,1649255.62,4832629.73,50.0,0.0,0.0,0.0,0.0,0.0,0.0,0.0,0.0,0.0,0.0,0.0,0.0,0.0,0.0,0.0,0.0,0.0,0.0,0.0,0.0,0.0,0.0,0.0,0.0,0.0,0.0,0.0,0.0,0.0,0.0,0.0
TOS02000281,Fornovolasco,mm,44.0289574729346,10.3605473041534,1609057.87,4876004.7,493.0,14.9,15.3,16.5,15.0,13.9,14.0,12.5,9.3,11.0,11.7,12.2,12.7,13.4,13.5,14.0,14.5,12.9,11.3,11.2,14.4,12.9,14.4,13.1,12.5,12.4,14.0,15.1,14.2,16.0,17.8,18.3
TOS11000087,Gaiole in Chianti,mm,43.45651191,11.4215096007,1695938.9,4814375.82,360.0,16.8,17.1,18.1,15.1,15.6,15.0,14.0,11.2,12.2,13.9,14.5,14.3,14.6,14.5,15.3,15.7,13.4,12.8,12.1,16.0,15.4,15.3,14.4,14.7,14.6,14.7,15.7,16.4,18.0,19.3,20.3
TOS02000078,Gallena,mm,43.992061139752,10.2517923338158,1600404.91,4871768.55,345.0,0.0,0.0,0.0,0.0,0.0,0.0,0.0,0.0,0.0,0.0,0.0,0.0,0.0,0.0,0.0,0.0,0.0,0.0,0.0,0.0,0.0,0.0,0.0,0.0,0.0,0.0,0.0,0.0,0.0,0.0,0.0
TOS02000299,Gallicano,mm,44.0641249412745,10.4429818737325,1615595.43,4880023.1,179.0,0.0,0.0,0.0,0.0,0.0,0.0,0.0,0.0,0.0,0.0,0.0,0.0,0.0,0.0,0.0,0.0,0.0,0.0,0.0,0.0,0.0,0.0,0.0,0.0,0.0,0.0,0.0,0.0,0.0,0.0,0.0
TOS01004779,Gamberame,mm,43.9229061076913,11.1270249937498,1670784.43,4865525.24,107.0,0.0,0.0,0.0,0.0,0.0,0.0,0.0,0.0,0.0,0.0,0.0,0.0,0.0,0.0,0.0,0.0,0.0,0.0,0.0,0.0,0.0,0.0,0.0,0.0,0.0,0.0,0.0,0.0,0.0,0.0,0.0
TOS01001161,Gavigno,mm,44.0711645266121,11.0934984683991,1667674.8,4881923.58,752.0,0.0,0.0,0.0,0.0,0.0,0.0,0.0,0.0,0.0,0.0,0.0,0.0,0.0,0.0,0.0,0.0,0.0,0.0,0.0,0.0,0.0,0.0,0.0,0.0,0.0,0.0,0.0,0.0,0.0,0.0,0.0
TOS01005262,Gello,mm,43.6516183971652,10.5879664421081,1628087.09,4834420.96,5.0,0.0,0.0,0.0,0.0,0.0,0.0,0.0,0.0,0.0,0.0,0.0,0.0,0.0,0.0,0.0,0.0,0.0,0.0,0.0,0.0,0.0,0.0,0.0,0.0,0.0,0.0,0.0,0.0,0.0,0.0,0.0
TOS01002071,Gerfalco,mm,43.1426751063413,10.9738612174988,1660545.43,4778565.72,740.0,16.2,17.8,18.1,15.0,13.4,13.0,11.5,8.9,9.3,11.2,12.6,13.9,13.0,12.8,14.2,15.6,10.9,10.7,12.0,13.9,13.5,13.3,12.7,11.8,12.1,13.7,15.5,14.7,15.9,18.4,20.0
TOS03003269,Giglio Castello,mm,42.3584804934756,10.9068167209625,1657061.21,4691355.88,470.0,18.2,19.1,19.6,16.8,14.9,14.8,14.3,12.4,13.0,13.9,15.1,16.4,14.5,15.0,16.2,16.9,14.5,13.5,15.6,16.0,15.0,15.1,15.7,15.3,15.7,16.2,17.4,16.4,17.4,19.8,21.8
TOS11000108,Giogo,mm,44.0473808581,11.3893321738,1691441.9,4879926.82,880.0,14.3,16.4,18.2,13.4,12.2,10.7,9.9,8.1,8.3,9.4,11.0,11.6,12.3,11.5,13.3,14.7,8.8,10.3,10.2,12.7,12.4,11.6,10.4,8.4,10.0,12.3,12.5,12.6,14.5,16.9,19.1
TOS02000494,Gombitelli,mm,43.9200791909882,10.3701301838677,1610026.63,4863924.47,475.0,0.0,0.0,0.0,0.0,0.0,0.0,0.0,0.0,0.0,0.0,0.0,0.0,0.0,0.0,0.0,0.0,0.0,0.0,0.0,0.0,0.0,0.0,0.0,0.0,0.0,0.0,0.0,0.0,0.0,0.0,0.0
TOS11000107,Gorgona,mm,43.428063529,9.89468264991,1572445.9,4808756.82,230.0,19.4,19.7,20.3,17.3,16.6,16.1,14.8,13.9,0.0,0.0,0.0,0.0,0.0,0.0,18.4,17.9,16.7,15.1,16.2,17.4,15.8,17.0,16.3,17.2,17.0,18.0,18.1,18.5,18.4,20.0,21.8
TOS03002941,Granaione,mm,42.8043692170746,11.3032308696032,1688360.91,4741679.39,148.0,0.0,0.0,0.0,0.0,0.0,0.0,0.0,0.0,0.0,0.0,0.0,0.0,0.0,0.0,0.0,0.0,0.0,0.0,0.0,0.0,0.0,0.0,0.0,0.0,0.0,0.0,0.0,0.0,0.0,0.0,0.0
TOS11000073,Greve in Chianti,mm,43.6118315545,11.3042144074,1685970.9,4831356.82,254.0,17.6,17.8,18.9,16.8,17.0,15.6,14.8,12.3,13.2,14.4,15.3,16.1,15.5,15.8,17.7,17.1,14.6,14.6,13.9,17.9,16.3,16.4,15.6,15.2,15.2,16.0,17.4,17.7,19.0,20.6,21.8
TOS09001130,Iera,mm,44.3332880923432,10.0336074829102,1582433.28,4909426.77,538.0,16.8,16.8,18.2,15.7,14.2,13.3,12.3,10.1,9.5,11.3,12.5,13.7,13.8,12.6,13.6,14.7,13.8,11.6,12.9,15.0,13.7,14.1,12.8,12.7,13.4,14.2,15.1,14.6,16.3,18.7,19.1
TOS01000891,Il Palagio,mm,43.6126610750638,11.4272169644294,1695894.31,4831731.81,315.0,0.0,0.0,0.0,0.0,0.0,0.0,0.0,0.0,0.0,0.0,0.0,0.0,0.0,0.0,0.0,0.0,0.0,0.0,0.0,0.0,0.0,0.0,0.0,0.0,0.0,0.0,0.0,0.0,0.0,0.0,0.0
TOS01004591,Incisa Valle,mm,43.6898494762687,11.4561913192593,1697978.63,4840373.59,108.42,0.0,0.0,0.0,0.0,0.0,0.0,0.0,0.0,0.0,0.0,0.0,0.0,0.0,0.0,0.0,0.0,0.0,0.0,0.0,0.0,0.0,0.0,0.0,0.0,0.0,0.0,0.0,0.0,0.0,0.0,0.0
TOS01001269,La Ferruccia,mm,43.884551145525,11.0038483142853,1660999.18,4861017.82,40.0,19.0,18.7,20.0,17.8,17.7,17.8,16.5,13.3,14.8,15.7,17.2,17.5,17.1,17.7,18.8,18.8,16.9,16.2,15.8,19.1,17.1,18.5,16.3,16.9,18.2,17.0,18.9,19.0,20.3,22.3,22.7
TOS01001679,La Madonnina,mm,43.4418540444294,10.9528762255022,1658062.01,4811751.92,607.0,17.0,18.3,19.1,16.1,15.1,13.2,11.4,9.5,9.7,12.1,13.6,15.1,13.6,13.5,15.4,16.2,11.5,12.4,12.9,15.2,14.1,13.5,13.7,12.2,13.1,14.8,15.5,15.7,16.3,18.6,21.1
TOS01000639,La Verna,mm,43.7069110061756,11.931334733963,1736205.67,4843513.15,1125.0,14.1,15.7,17.1,13.7,12.6,9.9,9.5,7.8,7.5,8.9,9.9,11.2,11.3,10.2,11.7,12.1,7.0,8.2,8.9,11.7,11.8,10.7,10.1,7.9,9.1,11.9,12.9,12.6,14.4,15.5,17.0
TOS01002351,Lago,mm,43.1549917412613,10.8072316646576,1646965.19,4779627.68,315.0,0.0,0.0,0.0,0.0,0.0,0.0,0.0,0.0,0.0,0.0,0.0,0.0,0.0,0.0,0.0,0.0,0.0,0.0,0.0,0.0,0.0,0.0,0.0,0.0,0.0,0.0,0.0,0.0,0.0,0.0,0.0
TOS11000023,Lamole,mm,43.5420871979,11.3554838835,1690327.9,4823726.82,536.0,17.9,18.5,19.7,16.9,16.3,14.0,12.9,10.6,11.2,12.5,14.2,15.6,14.4,14.2,16.0,16.4,12.9,13.2,13.3,16.3,16.0,14.7,14.3,13.1,14.3,15.1,15.9,16.5,17.6,19.6,21.5
TOS01000926,Le Croci (Barberino),mm,44.0070304832858,11.271253824234,1682105.88,4875177.41,388.0,19.0,19.6,20.0,16.1,14.8,14.0,13.8,11.7,12.3,13.5,16.1,15.3,14.7,15.2,16.2,16.3,13.7,13.8,13.8,17.0,15.1,15.5,14.0,13.3,15.4,16.1,16.4,16.4,18.8,20.4,21.4
TOS01001189,Le Croci di Calenzano,mm,43.9447551636658,11.2137404490283,1677680.87,4868135.03,421.0,0.0,0.0,0.0,0.0,0.0,0.0,0.0,0.0,0.0,0.0,0.0,0.0,0.0,0.0,0.0,0.0,0.0,0.0,0.0,0.0,0.0,0.0,0.0,0.0,0.0,0.0,0.0,0.0,0.0,0.0,0.0
TOS11000507,Legoli,mm,43.5652310624976,10.800635222548,1645445.47,4825176.71,180.0,19.2,19.6,20.1,17.5,17.0,16.8,14.4,12.2,12.5,14.9,16.4,17.3,16.4,16.9,17.7,18.3,15.4,14.8,15.1,18.2,16.0,16.2,16.1,15.9,16.6,17.5,18.1,18.7,19.2,21.1,22.2
TOS01002161,Libbiano,mm,43.2812903805194,10.8071941137314,1646659.09,4793653.85,440.0,18.5,19.8,20.3,17.4,15.6,14.3,12.8,10.6,11.2,13.3,14.9,16.7,14.7,14.7,16.6,17.7,13.4,13.8,14.8,16.3,15.2,15.0,15.1,14.1,15.0,16.2,17.4,17.4,17.7,20.4,22.3
TOS09000021,Licciana Nardi,mm,44.242784521132,10.0034280306519,1580150.19,4899344.29,121.0,16.8,16.3,17.1,15.4,15.9,16.1,15.0,11.4,12.3,13.4,14.9,15.5,15.2,16.4,15.8,16.3,17.0,14.4,14.4,17.4,15.0,16.1,15.7,15.5,15.3,15.7,16.6,17.2,17.6,19.7,19.8
TOS11000011,Lido di Camaiore,mm,43.8976759243093,10.2429431676865,1599853.18,4861274.67,5.0,17.4,17.2,17.8,16.8,17.2,18.3,16.8,13.8,14.4,15.2,16.0,16.6,17.0,17.8,17.9,17.5,17.8,15.5,16.0,18.2,17.9,16.9,17.3,17.1,16.5,16.8,17.6,18.1,18.9,19.4,20.4
TOS01005981,Livorno Mareografo,mm,43.5462560435205,10.2996316552162,1605017.98,4822314.73,0.0,0.0,0.0,0.0,0.0,0.0,0.0,0.0,0.0,0.0,0.0,0.0,0.0,0.0,0.0,0.0,0.0,0.0,0.0,0.0,0.0,0.0,0.0,0.0,0.0,0.0,0.0,0.0,0.0,0.0,0.0,0.0
TOS02000512,Lucca (Orto Botanico),mm,43.8418642805664,10.5108603008157,1621483.64,4855434.45,16.0,19.3,19.4,20.1,17.8,17.3,17.9,16.8,12.9,14.7,16.0,17.3,17.9,17.6,18.6,18.5,18.9,17.1,16.4,16.1,18.8,16.9,18.2,16.3,16.8,17.3,17.9,18.6,18.9,20.2,22.1,22.5
TOS03002643,Madonna a Brolio,mm,43.4144669709195,11.4557165364588,1698844.15,4809787.27,440.0,0.0,0.0,0.0,0.0,0.0,0.0,0.0,0.0,0.0,0.0,0.0,0.0,0.0,0.0,0.0,0.0,0.0,0.0,0.0,0.0,0.0,0.0,0.0,0.0,0.0,0.0,0.0,0.0,0.0,0.0,0.0
TOS03003079,Manciano,mm,42.6003629471691,11.5184978174778,1706639.55,4719527.82,447.0,18.7,20.3,19.7,17.7,15.4,15.2,14.6,13.0,13.0,13.4,16.1,16.2,15.9,16.4,16.8,16.9,14.3,13.7,14.6,15.9,15.5,15.5,15.1,15.1,15.4,16.4,17.6,17.2,18.6,20.5,22.0
TOS01000921,Mangona,mm,44.0500613757517,11.195636134639,1675916.49,4879792.65,540.0,16.7,18.4,19.0,14.9,13.8,13.0,12.4,10.8,11.1,12.1,13.6,13.5,14.1,13.7,15.1,15.6,12.0,12.3,12.8,15.5,14.2,14.9,13.3,11.7,13.0,14.8,15.2,15.0,17.5,18.7,20.2
TOS03005895,Marsiliana,mm,42.5441020026598,11.3364263535481,1691874.69,4712851.54,16.0,0.0,0.0,0.0,0.0,0.0,0.0,0.0,0.0,0.0,0.0,0.0,0.0,0.0,0.0,0.0,0.0,0.0,0.0,0.0,0.0,0.0,0.0,0.0,0.0,0.0,0.0,0.0,0.0,0.0,0.0,0.0
TOS11000050,Massa Marittima Filetto,mm,43.1216709398582,10.9222817074327,1656404.38,4776135.54,670.0,16.7,18.1,18.9,15.8,13.8,13.9,12.5,9.7,10.3,11.5,13.3,14.7,13.7,13.7,15.1,16.1,12.1,11.6,13.3,14.7,13.9,14.0,13.5,12.8,13.3,14.5,16.1,15.8,16.5,19.0,20.7
TOS11000041,Massa Marittima Valpiana,mm,43.0209489116733,10.8653926849365,1652025.22,4764845.38,188.0,18.9,19.0,18.7,16.5,16.9,17.7,15.9,12.8,13.0,14.7,15.6,15.8,16.1,17.4,17.1,16.7,15.3,14.3,15.8,17.6,17.3,17.4,16.8,16.5,17.5,17.0,18.2,18.6,19.4,21.5,22.2
TOS09001200,Mazzola,mm,44.2111182398262,10.1168754954268,1589256.44,4895943.99,460.0,18.7,18.7,19.5,15.9,14.5,13.7,13.3,10.3,10.8,12.2,14.2,15.3,14.5,14.8,14.8,16.0,14.8,12.6,13.4,16.2,13.8,15.2,13.8,13.9,15.1,15.7,16.2,16.1,17.6,20.0,20.7
TOS02000359,Melo,mm,44.1327169288093,10.7431685995379,1639475.67,4888106.72,1000.0,14.5,15.2,16.1,13.4,11.9,10.5,9.1,6.6,7.2,8.7,9.7,10.5,10.5,9.8,11.0,12.2,9.0,8.0,8.9,11.6,10.6,11.7,9.2,8.7,9.9,11.7,12.3,11.5,13.9,16.7,17.4
TOS03001385,Mensano,mm,43.291376,11.071148,1668048.11,4795271.08,365.0,18.5,19.6,19.9,16.9,16.2,15.1,13.7,11.6,12.0,14.2,15.6,16.5,15.0,14.8,16.7,17.6,14.0,13.9,14.8,17.6,15.6,15.4,15.6,14.6,15.4,16.4,17.7,17.5,18.4,20.6,21.9
TOS11000001,Metato,mm,43.7709434831,10.3837831983,1611399.9,4847378.82,3.0,17.9,18.1,18.8,17.4,17.4,18.4,16.8,13.6,14.5,15.7,16.9,17.3,17.5,18.2,18.5,18.6,17.8,15.7,16.2,18.8,17.8,17.1,16.7,17.2,17.4,17.3,18.3,18.7,19.8,21.0,21.6
TOS01002011,Miemo,mm,43.4101858936558,10.6707018613815,1635297.81,4807738.2,420.0,18.4,19.3,19.9,16.8,15.8,15.7,13.3,11.2,11.5,13.6,15.0,16.4,15.7,15.4,16.2,17.8,13.6,13.8,15.0,16.8,15.2,15.5,15.1,14.5,15.0,16.6,17.8,17.5,18.4,20.6,22.4
TOS09001210,Minucciano,mm,44.1709714258708,10.208150145037,1596613.9,4891587.97,666.0,0.0,0.0,0.0,0.0,0.0,0.0,0.0,0.0,0.0,0.0,0.0,0.0,0.0,0.0,0.0,0.0,0.0,0.0,0.0,0.0,0.0,0.0,0.0,0.0,0.0,0.0,0.0,0.0,0.0,0.0,0.0
TOS01005115,Molino d'Era,mm,43.4556345871119,10.8301267598961,1648094.96,4813056.81,100.32,0.0,0.0,0.0,0.0,0.0,0.0,0.0,0.0,0.0,0.0,0.0,0.0,0.0,0.0,0.0,0.0,0.0,0.0,0.0,0.0,0.0,0.0,0.0,0.0,0.0,0.0,0.0,0.0,0.0,0.0,0.0
TOS03002613,Monastero d'Ombrone,mm,43.3291637012263,11.5555166737115,1707214.62,4800556.33,222.0,0.0,0.0,0.0,0.0,0.0,0.0,0.0,0.0,0.0,0.0,0.0,0.0,0.0,0.0,0.0,0.0,0.0,0.0,0.0,0.0,0.0,0.0,0.0,0.0,0.0,0.0,0.0,0.0,0.0,0.0,0.0
TOS01001253,Montagnana,mm,43.9536664228749,10.823038778764,1646305.05,4868357.97,385.0,0.0,0.0,0.0,0.0,0.0,0.0,0.0,0.0,0.0,0.0,0.0,0.0,0.0,0.0,0.0,0.0,0.0,0.0,0.0,0.0,0.0,0.0,0.0,0.0,0.0,0.0,0.0,0.0,0.0,0.0,0.0
TOS03002733,Montalcinello,mm,43.2031113092876,11.0766198253483,1668735.54,4785479.63,380.0,0.0,0.0,0.0,0.0,0.0,0.0,0.0,0.0,0.0,0.0,0.0,0.0,0.0,0.0,0.0,0.0,0.0,0.0,0.0,0.0,0.0,0.0,0.0,0.0,0.0,0.0,0.0,0.0,0.0,0.0,0.0
TOS03002701,Montalcino,mm,43.0501719534553,11.4906146991613,1702875.0,4769412.74,594.0,17.4,18.6,19.0,17.0,15.4,15.4,12.7,10.4,11.2,12.7,13.9,15.4,15.0,13.8,15.6,16.3,11.7,12.4,14.1,15.9,15.1,14.3,15.1,12.9,13.2,15.0,16.8,16.4,17.3,19.3,21.4
TOS03002801,Monte Antico,mm,42.9838245846323,11.3646994811145,1692827.15,4761747.71,82.0,0.0,0.0,0.0,0.0,0.0,0.0,0.0,0.0,0.0,0.0,0.0,0.0,0.0,0.0,0.0,0.0,0.0,0.0,0.0,0.0,0.0,0.0,0.0,0.0,0.0,0.0,0.0,0.0,0.0,0.0,0.0
TOS02000171,Monte Castellino,mm,44.2358732217645,10.3325894233144,1606445.17,4898950.5,858.0,0.0,0.0,0.0,0.0,0.0,0.0,0.0,0.0,0.0,0.0,0.0,0.0,0.0,0.0,0.0,0.0,0.0,0.0,0.0,0.0,0.0,0.0,0.0,0.0,0.0,0.0,0.0,0.0,0.0,0.0,0.0
TOS01000916,Monte di Fò,mm,44.0796316157846,11.2808454036713,1682651.52,4883262.58,820.0,16.2,17.8,19.1,14.0,12.8,11.2,10.5,8.8,9.0,10.3,12.3,12.6,13.0,12.4,14.5,15.3,9.7,11.0,11.2,13.3,12.9,12.5,11.0,9.6,11.1,13.7,13.5,13.4,15.7,17.7,19.8
TOS03001001,Monte Giovi,mm,43.87686,11.44753,1696666.27,4861123.83,960.0,15.0,17.0,18.1,13.7,12.8,10.2,9.5,7.9,8.4,10.2,11.8,11.5,12.9,12.0,13.4,13.8,8.7,10.4,9.5,12.5,11.9,11.7,10.0,8.9,10.2,12.7,12.3,12.7,14.6,16.6,18.7
TOS03002621,Monte Oliveto,mm,43.1754827725307,11.5454715119171,1706920.11,4783463.62,267.0,18.1,18.9,19.2,16.8,16.9,17.1,14.6,11.9,12.6,14.6,16.1,16.1,15.5,15.4,16.9,17.4,14.4,13.9,14.7,17.7,16.9,16.0,16.3,15.0,15.5,16.2,17.7,17.3,18.3,20.9,21.6
TOS02000421,Monte Oppio,mm,44.0418164963272,10.8327348428269,1646865.42,4878166.02,810.0,0.0,0.0,0.0,0.0,0.0,0.0,0.0,0.0,0.0,0.0,0.0,0.0,0.0,0.0,0.0,0.0,0.0,0.0,0.0,0.0,0.0,0.0,0.0,0.0,0.0,0.0,0.0,0.0,0.0,0.0,0.0
TOS11000511,Monte Perone,mm,42.7747916839584,10.1910818982751,1597467.39,4736509.96,713.0,17.0,17.9,19.0,15.5,13.8,14.8,12.3,9.0,9.9,11.5,13.4,15.3,13.4,13.6,14.8,15.8,13.0,12.3,12.8,14.5,12.9,14.4,13.4,13.1,13.4,15.5,16.7,15.3,16.6,18.6,21.3
TOS11000512,Monte Pisano Nord,mm,43.7940132459,10.5223852452,1622507.9,4850136.82,216.0,20.7,21.4,21.3,17.3,16.8,15.9,15.0,11.7,13.4,15.8,17.6,18.0,17.2,18.2,18.8,19.1,15.7,15.8,15.5,18.7,15.5,17.4,15.3,15.8,17.3,18.1,18.3,18.9,20.1,22.5,23.5
TOS02000275,Monte Romecchio,mm,44.1635243317324,10.5207910328543,1621623.03,4891175.63,1591.0,0.0,0.0,0.0,0.0,0.0,0.0,0.0,0.0,0.0,0.0,0.0,0.0,0.0,0.0,0.0,0.0,0.0,0.0,0.0,0.0,0.0,0.0,0.0,0.0,0.0,0.0,0.0,0.0,0.0,0.0,0.0
TOS01000741,Monte S.Savino,mm,43.3391273733117,11.7423462867737,1722325.84,4802143.81,275.0,17.5,17.7,18.9,16.0,15.9,15.2,14.6,12.8,13.0,14.6,15.6,14.8,15.0,14.8,15.7,16.1,13.3,13.4,12.9,17.3,16.3,16.6,15.8,14.9,14.5,15.4,16.8,17.0,18.9,20.2,20.3
TOS11000020,Monte Serra,mm,43.7470720785504,10.5544602870941,1625186.28,4844971.26,890.0,16.3,17.9,18.6,14.4,13.1,11.4,9.6,7.8,7.8,10.3,12.5,13.2,12.2,12.1,14.2,15.3,10.9,10.6,10.6,13.1,11.8,12.0,10.8,11.0,12.4,13.1,13.3,14.0,14.7,17.9,20.0
TOS11000504,Monteboro,mm,43.6926,10.923,1654999.87,4839544.16,90.0,18.7,18.7,19.7,17.2,17.5,16.9,15.6,12.6,13.9,15.9,16.9,17.8,16.8,18.0,19.1,19.1,16.3,16.3,15.1,18.9,16.6,17.3,16.4,16.9,18.0,17.6,18.4,19.0,20.0,22.0,22.7
TOS11000031,Montecarlo,mm,43.8428569234,10.653959528,1632984.9,4855764.82,72.19,18.2,17.9,19.0,17.2,17.0,17.4,15.8,12.7,14.4,15.5,17.0,17.1,16.6,17.8,18.1,18.0,16.7,15.6,15.4,18.1,16.6,17.4,16.0,16.5,16.4,17.0,18.3,18.3,19.5,21.6,21.9
TOS01001601,Montecatini Terme,mm,43.8933181134016,10.7720337630372,1642356.36,4861566.04,95.0,0.0,0.0,0.0,0.0,0.0,0.0,0.0,0.0,0.0,0.0,0.0,0.0,0.0,0.0,0.0,0.0,0.0,0.0,0.0,0.0,0.0,0.0,0.0,0.0,0.0,0.0,0.0,0.0,0.0,0.0,0.0
TOS01002131,Montecatini V. Cecina,mm,43.3869806906716,10.7429659366607,1641202.63,4805280.87,379.0,19.0,19.8,20.0,17.2,16.3,15.1,13.4,11.3,11.6,13.8,15.5,16.5,15.9,15.2,16.4,17.9,13.9,13.7,15.0,17.1,15.2,15.3,15.3,14.6,15.8,16.4,18.0,17.7,18.4,20.7,21.8
TOS03000653,Montecchio,mm,43.5802819853131,11.9034283749771,1734449.5,4829369.57,585.0,17.6,18.4,19.4,16.7,15.9,13.1,12.7,10.8,11.2,12.8,14.1,14.3,13.7,13.2,14.9,15.3,11.6,11.8,12.5,15.5,14.9,14.3,13.8,12.5,13.3,15.1,15.6,15.8,17.8,19.2,20.4
TOS03003267,Montecristo,mm,42.3325,10.2911,1606398.14,4687517.36,85.0,19.1,19.3,20.7,19.2,17.9,18.3,17.8,14.9,16.1,16.4,17.6,18.1,17.9,18.3,18.3,18.6,17.6,17.5,18.7,18.7,18.5,18.5,18.9,17.9,17.9,18.9,20.5,19.8,20.1,22.0,22.8
TOS11000051,Montenero,mm,42.950613764,11.4394608107,1699029.9,4758233.82,193.0,18.4,19.0,18.9,17.0,17.1,18.8,15.7,13.6,14.3,15.1,16.5,16.4,16.5,17.1,17.7,17.6,15.0,14.1,15.1,17.6,17.2,17.2,17.6,16.7,16.9,17.1,18.2,18.6,19.7,21.4,22.0
TOS03000691,Montepulciano ,mm,43.11273,11.793703,1727329.37,4777138.02,450.0,17.6,17.7,19.1,17.0,16.2,17.3,14.0,12.2,13.2,13.8,15.3,15.5,16.0,15.2,15.7,16.3,12.7,12.9,14.4,17.1,15.8,16.3,16.2,14.2,13.6,15.7,18.1,16.3,18.6,19.7,19.6
TOS11000113,Montepulciano Azienda,mm,43.0850882534877,11.8444271163941,1731560.79,4774207.04,335.0,18.5,18.9,20.0,17.4,16.4,16.6,14.1,12.6,13.1,14.3,15.9,15.9,15.9,15.6,16.8,16.7,13.5,13.8,14.9,17.2,16.0,16.3,16.0,14.5,14.9,16.7,18.5,16.2,18.7,20.2,20.9
TOS19000701,Monterchi,mm,43.4895,12.105,1751101.69,4819875.5,309.0,15.2,15.3,16.5,15.5,15.6,15.2,14.7,11.6,12.3,13.8,13.8,14.5,14.5,13.3,14.1,14.3,12.3,11.5,11.9,16.7,15.4,16.5,15.7,13.9,12.6,14.0,15.5,15.8,18.0,18.5,18.1
TOS11000082,Monteroni Arbia Biena,mm,43.2430144300338,11.4168870449066,1696251.9,4790653.72,165.0,16.8,17.0,17.3,15.1,15.8,15.9,14.9,12.4,12.7,14.8,15.6,15.5,15.0,15.3,15.9,16.2,13.7,13.4,13.4,16.8,16.4,16.0,15.6,15.6,14.4,15.2,16.7,16.8,18.3,19.7,20.3
TOS01002371,Monterotondo,mm,43.1459592942661,10.8627827588074,1651504.14,4778723.56,595.0,0.0,0.0,0.0,0.0,0.0,0.0,0.0,0.0,0.0,0.0,0.0,0.0,0.0,0.0,0.0,0.0,0.0,0.0,0.0,0.0,0.0,0.0,0.0,0.0,0.0,0.0,0.0,0.0,0.0,0.0,0.0
TOS01004915,Montespertoli,mm,43.6500029452316,11.0923585123197,1668767.69,4835143.63,117.0,17.4,17.2,18.4,16.5,16.9,16.6,15.2,12.4,13.4,15.1,15.5,15.7,15.7,16.9,17.8,17.4,15.1,14.6,13.9,17.7,16.5,16.7,16.3,16.3,15.4,15.9,17.4,17.7,19.1,20.6,21.0
TOS01004571,Montevarchi,mm,43.5412115000281,11.5662079934808,1707355.74,4824133.6,133.8,18.1,18.5,19.6,17.6,17.9,16.3,15.6,13.2,14.1,15.8,16.2,16.3,15.6,15.6,16.5,17.0,15.6,14.6,14.3,18.6,17.4,17.0,16.3,16.0,15.9,16.4,17.4,18.4,19.8,21.3,21.7
TOS03002869,Monticchiello,mm,43.0663296727766,11.7248379794182,1721893.67,4771800.31,495.0,0.0,0.0,0.0,0.0,0.0,0.0,0.0,0.0,0.0,0.0,0.0,0.0,0.0,0.0,0.0,0.0,0.0,0.0,0.0,0.0,0.0,0.0,0.0,0.0,0.0,0.0,0.0,0.0,0.0,0.0,0.0
TOS03002742,Monticiano La Pineta,mm,43.1343738659377,11.2420224628027,1682377.83,4778192.71,450.0,17.0,17.8,18.4,16.0,15.6,15.1,13.2,10.9,11.3,13.3,13.8,14.7,14.4,14.1,15.7,15.8,12.7,12.6,14.4,16.4,15.5,15.0,15.1,14.2,14.6,15.2,16.4,15.7,17.4,19.3,20.6
TOS03002888,Montisi,mm,43.1547334579056,11.6497457027435,1715468.63,4781422.32,400.0,0.0,0.0,0.0,0.0,0.0,0.0,0.0,0.0,0.0,0.0,0.0,0.0,0.0,0.0,0.0,0.0,0.0,0.0,0.0,0.0,0.0,0.0,0.0,0.0,0.0,0.0,0.0,0.0,0.0,0.0,0.0
TOS11000046,Montopoli,mm,43.6678371647,10.745719161,1640770.9,4836477.82,29.0,17.3,17.2,18.4,16.0,16.7,17.1,15.0,12.3,13.5,15.1,15.8,16.5,16.4,17.5,17.2,17.6,15.6,14.4,13.8,17.5,16.1,16.9,15.9,16.6,16.0,16.7,17.3,17.8,19.1,20.7,20.8
TOS02004286,Mutigliano,mm,43.8817634490254,10.4841864109039,1619259.82,4859827.09,33.94,0.0,0.0,0.0,0.0,0.0,0.0,0.0,0.0,0.0,0.0,0.0,0.0,0.0,0.0,0.0,0.0,0.0,0.0,0.0,0.0,0.0,0.0,0.0,0.0,0.0,0.0,0.0,0.0,0.0,0.0,0.0
TOS01004659,Nave di Rosano,mm,43.771197477581,11.4228155853198,1695024.49,4849329.51,78.84,0.0,0.0,0.0,0.0,0.0,0.0,0.0,0.0,0.0,0.0,0.0,0.0,0.0,0.0,0.0,0.0,0.0,0.0,0.0,0.0,0.0,0.0,0.0,0.0,0.0,0.0,0.0,0.0,0.0,0.0,0.0
TOS11000099,Novegigola,mm,44.221784365,9.89975645114,1571897.9,4896915.82,420.0,18.1,18.2,18.9,16.0,15.0,13.8,13.3,10.3,10.9,13.2,14.4,15.5,14.7,15.3,15.2,16.6,14.6,13.2,13.4,16.3,14.1,15.1,13.7,14.1,14.8,15.7,16.0,15.9,17.7,19.6,20.4
TOS01000831,Nusenna in Chianti,mm,43.4502395940992,11.5311169624329,1704828.03,4813942.98,560.0,0.0,0.0,0.0,0.0,0.0,0.0,0.0,0.0,0.0,0.0,0.0,0.0,0.0,0.0,0.0,0.0,0.0,0.0,0.0,0.0,0.0,0.0,0.0,0.0,0.0,0.0,0.0,0.0,0.0,0.0,0.0
TOS11000508,Orbetello,mm,42.4344482420029,11.2026321887969,1681204.66,4700380.56,0.0,19.1,19.5,20.2,18.6,18.6,19.2,18.6,16.5,16.6,17.4,17.8,18.3,18.3,18.9,18.4,19.2,18.6,16.6,17.8,18.6,18.8,18.4,18.9,18.5,18.7,18.7,19.1,19.8,19.8,21.1,22.4
TOS01001711,Orciatico,mm,43.4344511392189,10.7247514846976,1639618.22,4810522.22,312.0,0.0,0.0,0.0,0.0,0.0,0.0,0.0,0.0,0.0,0.0,0.0,0.0,0.0,0.0,0.0,0.0,0.0,0.0,0.0,0.0,0.0,0.0,0.0,0.0,0.0,0.0,0.0,0.0,0.0,0.0,0.0
TOS11000097,Orecchiella,mm,44.2003550122664,10.3598713874817,1608689.12,4895041.11,1169.0,13.8,15.3,16.6,13.6,11.7,9.4,8.6,5.9,6.3,8.5,9.5,10.4,10.7,10.4,11.1,13.0,8.8,7.9,9.2,12.2,11.1,11.2,8.5,8.6,10.2,12.1,12.8,11.8,13.9,17.2,18.1
TOS01001889,Orentano,mm,43.7744248126679,10.6570820458268,1633388.12,4848169.36,22.0,18.0,17.9,18.9,16.7,17.0,18.0,16.1,12.4,13.4,15.1,16.3,17.0,16.2,17.1,17.8,18.1,16.0,15.2,14.8,18.1,16.1,17.2,15.7,16.2,16.5,17.0,17.4,18.1,19.6,21.1,21.6
TOS01000601,Ortignano,mm,43.6819246850953,11.7515408992767,1721811.4,4840241.16,346.0,14.4,15.0,16.2,15.1,15.5,14.7,14.3,11.1,11.6,12.7,13.1,13.4,13.4,12.6,13.5,13.8,12.0,10.8,11.0,14.8,14.4,14.9,14.4,13.3,12.7,13.6,14.3,14.5,17.2,18.1,18.2
TOS02000177,Orto di Donna,mm,44.1346439393472,10.1973563432693,1595809.74,4887540.4,1070.0,11.0,11.9,13.9,12.9,12.3,10.2,8.6,5.9,5.7,7.7,8.2,8.8,9.0,8.7,8.9,10.7,9.2,7.4,9.1,11.9,11.1,10.9,9.4,8.0,8.7,10.4,11.9,10.6,13.2,15.0,15.1
TOS11000038,Ottavo,mm,43.373489681467,11.8903901828969,1734194.65,4806365.4,313.0,19.0,19.4,20.1,17.3,17.0,15.9,14.7,12.4,12.9,14.7,16.1,15.6,15.3,15.1,16.9,16.2,14.0,13.7,13.9,17.5,16.6,16.5,15.9,14.6,15.9,16.4,17.4,17.2,19.0,20.6,21.2
TOS03002921,Paganico,mm,42.939816335948,11.2846511548028,1686433.33,4756679.77,70.0,0.0,0.0,0.0,0.0,0.0,0.0,0.0,0.0,0.0,0.0,0.0,0.0,0.0,0.0,0.0,0.0,0.0,0.0,0.0,0.0,0.0,0.0,0.0,0.0,0.0,0.0,0.0,0.0,0.0,0.0,0.0
TOS02000329,Palagnana,mm,43.9964324902299,10.3631383180619,1609325.23,4872395.6,861.0,16.5,17.7,18.6,14.6,12.8,11.2,9.8,7.5,7.8,10.5,12.1,13.3,12.5,12.4,13.6,14.7,11.3,9.8,10.8,13.3,12.0,12.8,10.6,11.2,12.3,13.6,14.3,13.6,15.6,18.8,19.7
TOS19000703,Palazzo del Pero,mm,43.420833333333,11.979166666667,1741199.23,4811876.84,410.0,14.1,17.0,16.0,13.8,15.7,14.5,13.7,10.4,10.7,12.0,13.1,14.5,13.8,11.4,17.7,14.4,13.2,12.0,11.2,15.8,15.2,16.0,14.6,13.2,14.8,13.6,14.1,14.4,17.1,18.8,17.8
TOS09001110,Parana,mm,44.2821730205654,9.86330989888223,1568916.2,4903592.13,695.0,15.3,15.9,17.2,13.9,12.6,12.1,10.9,8.8,8.9,10.8,11.9,12.9,12.9,12.2,13.0,14.3,12.4,10.6,11.5,13.9,12.7,13.6,11.6,12.3,12.5,13.6,14.2,14.1,15.8,18.0,18.8
TOS03002789,Pari,mm,43.0625198089825,11.3225373841736,1689147.63,4770391.3,330.0,0.0,0.0,0.0,0.0,0.0,0.0,0.0,0.0,0.0,0.0,0.0,0.0,0.0,0.0,0.0,0.0,0.0,0.0,0.0,0.0,0.0,0.0,0.0,0.0,0.0,0.0,0.0,0.0,0.0,0.0,0.0
TOS09000024,Passo del Brattello,mm,44.4562415078004,9.82293605804443,1565500.42,4922893.74,955.0,14.7,15.1,16.5,12.9,11.3,10.4,8.8,6.9,7.3,9.4,9.8,10.6,11.1,11.1,11.1,13.0,10.3,8.9,9.8,11.8,11.8,11.7,10.0,10.1,11.1,12.1,13.0,12.3,14.4,17.1,18.1
TOS09001160,Passo del Cerreto,mm,44.3042684486943,10.2167592247924,1597082.76,4906403.84,1250.0,12.7,14.5,15.8,11.9,10.7,8.4,7.1,5.1,5.4,6.8,8.5,9.5,10.1,9.2,10.3,11.3,7.4,7.3,8.3,10.5,10.7,9.8,7.7,7.1,9.2,11.3,11.6,10.3,13.0,16.7,17.7
TOS09001053,Passo della Cisa,mm,44.46639,9.920361,1573238.61,4924103.59,1014.0,0.0,0.0,0.0,0.0,0.0,0.0,0.0,0.0,0.0,0.0,0.0,0.0,0.0,0.0,0.0,0.0,0.0,0.0,0.0,0.0,0.0,0.0,0.0,0.0,0.0,0.0,0.0,0.0,0.0,0.0,0.0
TOS02000155,Passo Pradarena,mm,44.2845177330532,10.3010544345833,1603841.26,4904313.25,1580.0,0.0,0.0,0.0,0.0,0.0,0.0,0.0,0.0,0.0,0.0,0.0,0.0,0.0,0.0,0.0,0.0,0.0,0.0,0.0,0.0,0.0,0.0,0.0,0.0,0.0,0.0,0.0,0.0,0.0,0.0,0.0
TOS11000106,Passo Radici,mm,44.1970793848,10.4867001482,1618829.9,4894852.82,1637.0,9.1,11.5,12.9,9.8,8.3,6.1,4.6,2.6,2.8,4.2,5.6,6.9,7.3,6.4,7.4,9.0,3.7,4.0,5.0,7.9,7.6,7.1,5.2,3.5,5.7,8.4,9.6,8.0,10.5,12.7,14.5
TOS09001061,Patigno,mm,44.3547092423,9.76447730327,1560954.9,4911570.82,744.0,0.0,0.0,0.0,0.0,0.0,0.0,0.0,0.0,0.0,0.0,0.0,0.0,0.0,0.0,0.0,0.0,0.0,0.0,0.0,0.0,0.0,0.0,0.0,0.0,0.0,0.0,0.0,0.0,0.0,0.0,0.0
TOS03003200,Patresi Mortigliano,mm,42.7854685049193,10.1110965013504,1590908.43,4737606.29,110.0,0.0,0.0,0.0,0.0,0.0,0.0,0.0,0.0,0.0,0.0,0.0,0.0,0.0,0.0,0.0,0.0,0.0,0.0,0.0,0.0,0.0,0.0,0.0,0.0,0.0,0.0,0.0,0.0,0.0,0.0,0.0
TOS11000089,Pelago,mm,43.7590397935,11.5024279812,1701472.9,4848169.82,325.0,18.2,18.8,19.7,17.2,17.0,15.3,14.5,12.0,12.9,14.3,15.5,16.2,16.0,15.7,16.6,16.9,14.6,14.4,13.8,17.6,16.1,16.0,14.9,14.8,16.1,16.4,17.4,18.0,19.0,20.6,22.1
TOS11000080,Pentolina,mm,43.2085023992,11.1799021081,1677110.9,4786291.82,450.0,18.5,19.7,19.7,16.4,15.9,14.5,13.7,11.6,11.5,13.7,15.2,15.7,15.0,15.3,16.6,17.5,13.7,13.7,14.7,16.6,15.6,15.7,15.3,14.5,15.1,16.6,16.8,16.4,18.2,20.3,21.8
TOS03001580,Pescia,mm,43.896534212895,10.6950237255296,1636163.66,4861793.45,78.0,18.9,18.7,19.4,17.5,17.1,17.0,16.0,12.6,13.9,15.5,16.7,16.4,16.6,17.2,18.1,18.4,16.1,15.8,15.9,18.1,16.6,17.5,15.6,16.3,17.2,17.3,18.2,18.2,19.6,21.6,22.4
TOS02004284,Piaggione,mm,43.9293529009473,10.5142754316329,1621580.1,4865156.58,72.0,0.0,0.0,0.0,0.0,0.0,0.0,0.0,0.0,0.0,0.0,0.0,0.0,0.0,0.0,0.0,0.0,0.0,0.0,0.0,0.0,0.0,0.0,0.0,0.0,0.0,0.0,0.0,0.0,0.0,0.0,0.0
TOS01000056,Pian della Fioba,mm,44.0570217481634,10.2069398760796,1596702.76,4878930.06,860.0,15.8,17.6,18.4,15.0,13.0,10.8,10.0,7.9,8.2,10.1,11.9,13.2,11.7,12.2,13.1,14.5,11.5,10.2,10.9,13.2,12.8,11.8,10.3,11.6,12.3,13.3,13.2,13.6,14.7,18.1,19.6
TOS01000881,Pian di Scò,mm,43.6499648868522,11.5551495552063,1706090.6,4836184.82,395.0,16.5,17.2,18.3,16.1,16.0,14.3,13.2,11.0,11.5,13.1,14.0,14.8,13.9,13.3,14.7,15.0,12.3,11.5,12.7,15.9,14.8,14.7,14.3,13.6,13.2,14.3,15.5,16.5,17.2,18.4,20.0
TOS11000060,Piancastagnaio,mm,42.8181362937578,11.7325441459392,1723417.4,4744257.26,341.0,16.7,17.2,17.8,16.0,15.8,16.5,14.6,13.1,12.3,13.6,14.1,14.1,14.0,14.9,15.6,16.2,13.3,12.3,13.4,16.5,16.1,16.2,15.6,15.8,15.0,16.0,16.9,15.6,18.5,19.6,19.6
TOS11000034,Piazza al Serchio,mm,44.1923123458,10.2916366026,1603250.9,4894059.82,660.0,17.0,18.2,19.5,15.7,13.6,12.3,12.3,8.3,9.5,11.2,13.0,13.4,13.7,14.2,14.1,15.7,12.9,10.8,12.0,15.3,12.9,14.3,11.5,11.8,13.6,15.1,16.2,14.8,16.9,20.2,20.4
TOS09000022,Pietra Piccata,mm,44.339638145103,9.82324719429016,1565655.39,4909942.17,955.0,16.0,17.8,19.0,14.9,12.3,10.2,9.8,7.1,8.4,10.0,12.0,13.0,12.8,12.2,13.1,15.2,10.6,9.6,10.8,13.0,12.3,12.8,10.1,10.6,12.6,14.1,14.2,13.0,16.2,18.8,20.3
TOS11000033,Pieve di Compito,mm,43.7800182426,10.5894082801,1627929.9,4848683.82,38.0,18.8,18.7,19.2,17.0,16.8,17.9,15.6,12.3,13.5,15.2,16.8,16.9,16.5,17.0,17.8,18.2,16.1,15.3,15.0,18.1,16.1,17.1,15.6,15.9,16.5,17.0,17.2,18.0,19.7,21.2,21.7
TOS11000040,Pieve S. Stefano,mm,43.6739526486025,12.1019487858501,1750089.57,4840353.06,750.0,15.5,15.3,17.1,14.3,14.2,12.3,12.2,9.5,9.3,10.6,12.0,12.6,11.8,11.9,12.8,13.3,9.1,9.5,10.1,14.0,13.6,13.2,12.6,10.6,10.9,12.6,13.2,13.5,16.4,16.5,17.4
TOS19000702,Pieve S. Stefano,mm,43.6690285798809,12.0427980634906,1745341.07,4839629.4,434.0,16.2,16.3,17.4,15.7,15.3,14.4,14.0,11.5,11.8,13.2,13.4,13.6,12.7,12.9,14.3,14.3,12.1,10.6,11.2,15.0,15.1,15.2,14.6,13.1,13.3,13.9,15.0,14.7,17.9,18.4,18.8
TOS01000544,Pisa (Fac. Agraria),mm,43.7111716434473,10.4120041429996,1613784.34,4840778.65,6.0,19.2,19.3,20.0,18.1,17.9,18.5,17.1,13.9,14.4,16.3,17.5,18.2,17.8,18.6,19.3,19.2,18.3,16.2,16.0,19.0,17.5,17.3,16.9,17.2,17.9,18.2,19.1,19.4,20.1,21.5,22.4
TOS11000014,Pitigliano,mm,42.6350977676,11.6542999129,1717659.9,4723725.82,300.0,18.2,18.7,18.7,16.2,15.9,16.5,15.4,13.9,13.3,14.0,15.9,15.3,15.8,15.7,16.8,17.1,14.8,13.9,14.5,16.5,16.7,16.6,16.1,16.5,16.5,16.9,17.3,17.4,19.3,20.6,21.4
TOS03001841,Pizzorne,mm,43.9344280569075,10.5846312960815,1627216.77,4865826.25,938.0,15.7,16.8,17.7,14.0,12.4,10.8,9.4,7.1,7.6,10.1,11.4,12.6,11.8,11.6,12.8,14.0,10.2,9.7,10.4,12.5,11.7,11.6,10.0,10.3,12.0,12.5,12.8,12.8,14.4,17.4,18.6
TOS01004965,Poggibonsi,mm,43.4714639748017,11.1287599321364,1672211.27,4815389.19,88.0,17.9,18.0,18.9,17.2,17.4,16.9,15.4,12.9,13.5,15.1,15.7,16.9,16.0,15.9,17.6,18.2,15.7,15.1,14.6,18.5,17.0,16.6,16.5,16.6,16.0,16.5,17.8,18.1,19.5,21.3,21.9
TOS01001445,Poggio Aglione,mm,43.5298824017873,10.9279659199902,1655819.68,4821481.49,441.0,18.7,19.4,20.0,17.1,16.4,14.8,13.0,11.2,11.3,13.7,15.1,16.8,15.4,15.5,16.7,17.6,13.6,14.2,14.3,16.8,15.3,15.3,15.2,14.3,15.2,16.7,17.0,17.4,18.2,20.2,22.4
TOS03001135,Poggio alla Croce,mm,43.6500938567192,11.3924717883301,1692970.61,4835807.9,500.0,18.6,19.4,20.0,16.7,16.1,13.4,12.5,10.9,11.0,13.0,14.7,14.8,14.7,14.2,15.3,15.9,12.9,13.1,12.9,15.9,15.0,14.6,13.9,12.7,14.4,15.3,15.8,16.3,17.8,19.6,21.0
TOS03003011,Poggio Perotto,mm,42.6136805291561,11.2548820828255,1684972.91,4720396.56,82.0,0.0,0.0,0.0,0.0,0.0,0.0,0.0,0.0,0.0,0.0,0.0,0.0,0.0,0.0,0.0,0.0,0.0,0.0,0.0,0.0,0.0,0.0,0.0,0.0,0.0,0.0,0.0,0.0,0.0,0.0,0.0
TOS02000075,Pomezzana,mm,43.9852999546561,10.3147673606872,1605466.57,4871096.16,600.0,0.0,0.0,0.0,0.0,0.0,0.0,0.0,0.0,0.0,0.0,0.0,0.0,0.0,0.0,0.0,0.0,0.0,0.0,0.0,0.0,0.0,0.0,0.0,0.0,0.0,0.0,0.0,0.0,0.0,0.0,0.0
TOS01002115,Ponsano,mm,43.3653080786,10.9903473059,1661297.34,4803322.5,340.0,19.6,20.9,20.7,17.3,17.2,15.3,13.8,11.8,12.2,14.7,16.1,17.3,15.9,15.4,17.5,18.3,14.6,14.3,15.2,17.7,15.7,15.5,15.9,15.4,16.1,16.9,17.8,18.0,18.7,21.4,22.4
TOS01000931,Ponte a Olmo,mm,44.0491644742928,11.3044059276581,1684632.69,4879931.07,459.0,0.0,0.0,0.0,0.0,0.0,0.0,0.0,0.0,0.0,0.0,0.0,0.0,0.0,0.0,0.0,0.0,0.0,0.0,0.0,0.0,0.0,0.0,0.0,0.0,0.0,0.0,0.0,0.0,0.0,0.0,0.0
TOS01004811,Ponte a Signa,mm,43.7730536256216,11.0929458599137,1668469.93,4848811.52,32.0,0.0,0.0,0.0,0.0,0.0,0.0,0.0,0.0,0.0,0.0,0.0,0.0,0.0,0.0,0.0,0.0,0.0,0.0,0.0,0.0,0.0,0.0,0.0,0.0,0.0,0.0,0.0,0.0,0.0,0.0,0.0
TOS02004165,Ponte di Campia,mm,44.0900549407028,10.4528243960756,1616332.9,4882917.01,197.0,0.0,0.0,0.0,0.0,0.0,0.0,0.0,0.0,0.0,0.0,0.0,0.0,0.0,0.0,0.0,0.0,0.0,0.0,0.0,0.0,0.0,0.0,0.0,0.0,0.0,0.0,0.0,0.0,0.0,0.0,0.0
TOS02004231,Ponte di Lucchio,mm,44.0435891694687,10.719796449758,1637812.79,4878167.84,350.0,15.4,15.6,17.2,15.4,15.4,14.8,13.4,10.1,11.4,12.1,12.8,13.7,13.6,13.6,14.5,15.3,13.7,12.2,12.5,15.4,13.7,15.0,13.5,12.7,13.1,14.3,15.6,14.8,16.7,18.7,18.9
TOS01005401,Ponte di Monterufoli,mm,43.3233356908324,10.6698220968247,1635419.66,4798091.34,32.96,17.3,17.1,17.2,15.9,16.8,18.1,15.0,12.5,13.7,15.1,15.2,15.8,15.6,17.1,17.4,17.2,15.9,13.5,14.3,17.6,16.9,16.2,16.3,16.7,16.6,15.9,17.6,17.7,18.4,20.4,20.8
TOS02004305,Ponte Guido,mm,43.8650447864317,10.4331713931578,1615193.77,4857897.86,23.0,0.0,0.0,0.0,0.0,0.0,0.0,0.0,0.0,0.0,0.0,0.0,0.0,0.0,0.0,0.0,0.0,0.0,0.0,0.0,0.0,0.0,0.0,0.0,0.0,0.0,0.0,0.0,0.0,0.0,0.0,0.0
TOS03005707,Ponte Orgia,mm,43.2146453955979,11.2581115961075,1683445.92,4787142.6,0.0,0.0,0.0,0.0,0.0,0.0,0.0,0.0,0.0,0.0,0.0,0.0,0.0,0.0,0.0,0.0,0.0,0.0,0.0,0.0,0.0,0.0,0.0,0.0,0.0,0.0,0.0,0.0,0.0,0.0,0.0,0.0
TOS01005386,Ponte SR439,mm,43.3341721848683,10.8580648899078,1650655.96,4799617.33,85.0,18.0,18.2,18.4,16.8,17.5,16.7,15.3,12.9,14.0,15.7,16.0,17.0,16.4,16.9,18.2,18.3,16.1,14.8,15.4,18.6,17.5,17.1,17.2,17.0,16.8,17.0,18.2,18.7,19.4,21.6,21.8
TOS02004045,Ponte Tavole,mm,43.9725728453911,10.1849162578583,1595073.51,4869524.8,11.0,18.0,18.3,18.5,17.5,17.4,17.6,16.2,13.9,14.1,15.3,16.4,17.2,17.3,17.6,18.3,17.9,18.0,16.1,16.5,18.3,17.8,16.7,16.9,16.9,16.9,17.2,18.3,18.4,18.9,19.7,20.9
TOS03002961,Ponte Tura,mm,42.7646975681321,11.166253387928,1677273.27,4736976.83,13.0,18.3,19.1,19.0,17.4,17.6,19.4,16.9,14.4,15.3,15.8,16.7,17.1,17.7,17.9,18.0,18.8,16.0,14.7,16.7,18.7,18.3,18.3,18.3,17.7,17.7,17.3,19.0,19.6,20.3,21.7,22.6
TOS01005181,Pontedera,mm,43.6653337908212,10.6312412023544,1631546.96,4836011.93,10.53,18.2,18.4,18.7,17.2,17.1,17.9,15.9,12.8,13.5,15.4,16.5,17.2,16.6,18.1,18.2,18.4,16.3,15.3,14.8,18.2,16.5,16.9,16.5,16.6,16.9,17.1,18.0,18.5,19.3,21.2,21.8
TOS01004839,Pontelungo valle,mm,43.9198061570395,10.8959250239647,1652239.68,4864728.93,65.68,18.4,18.2,19.4,17.1,16.7,17.1,15.6,12.7,13.9,14.6,15.7,16.5,16.1,16.3,17.6,17.7,16.2,15.1,14.8,18.0,16.2,17.4,15.7,16.1,16.9,16.7,17.9,17.9,19.2,21.7,22.0
TOS02004315,Pontetetto,mm,43.829653381293,10.4697645000399,1618204.13,4854018.7,12.99,0.0,0.0,0.0,0.0,0.0,0.0,0.0,0.0,0.0,0.0,0.0,0.0,0.0,0.0,0.0,0.0,0.0,0.0,0.0,0.0,0.0,0.0,0.0,0.0,0.0,0.0,0.0,0.0,0.0,0.0,0.0
TOS11000101,Pontremoli,mm,44.3694914381017,9.89274859428406,1571159.61,4913316.12,340.0,18.5,17.9,18.7,15.9,15.2,14.7,13.5,11.0,11.0,12.9,14.4,14.6,14.1,14.7,15.1,16.6,15.4,13.2,13.8,16.5,15.0,15.3,14.0,15.0,15.8,15.8,16.4,16.5,18.2,20.3,20.4
TOS09001080,Pontremoli depuratore,mm,44.369315040343,9.88311409950256,1570392.19,4913288.2,226.0,16.5,15.7,17.0,15.3,15.2,15.2,13.9,11.3,10.9,12.3,13.5,13.8,13.9,14.5,14.5,15.8,15.7,13.0,13.7,16.6,15.2,15.6,14.3,15.4,15.0,15.1,16.0,16.3,17.4,19.6,19.1
TOS11000012,Portoferraio,mm,42.7957446368,10.3601142575,1611257.9,4739045.82,10.0,17.7,17.1,17.7,18.6,18.8,19.0,17.4,14.6,15.6,17.0,16.5,17.2,17.9,19.2,17.8,17.8,17.4,14.5,18.0,19.5,18.2,17.8,18.5,18.4,17.4,17.2,18.6,18.7,20.0,19.5,20.3
TOS01001205,Prato Università,mm,43.8855563854925,11.0992129147053,1668657.13,4861319.7,65.0,21.0,21.0,21.7,18.7,18.2,17.4,17.1,14.1,15.4,16.0,17.8,18.1,17.9,18.1,19.4,19.6,16.9,16.9,16.5,19.9,17.8,18.6,16.8,17.0,18.3,18.7,19.3,19.3,21.2,23.2,24.2
TOS11000078,Pratomagno,mm,43.5695273361,11.7242185607,1720018.9,4827684.82,695.0,17.9,18.7,19.8,15.7,14.8,12.0,12.1,9.9,10.0,12.3,13.2,14.2,13.2,12.4,14.8,15.4,10.7,11.3,11.5,14.2,14.2,13.1,12.7,11.2,13.0,14.9,15.0,15.3,16.9,18.4,20.0
TOS02000441,Prunetta,mm,44.0084773589312,10.8040130138397,1644645.31,4874412.25,960.0,0.0,0.0,0.0,0.0,0.0,0.0,0.0,0.0,0.0,0.0,0.0,0.0,0.0,0.0,0.0,0.0,0.0,0.0,0.0,0.0,0.0,0.0,0.0,0.0,0.0,0.0,0.0,0.0,0.0,0.0,0.0
TOS01005373,Puretta,mm,43.3067647008644,10.9270278051149,1656316.9,4796700.28,147.35,0.0,0.0,0.0,0.0,0.0,0.0,0.0,0.0,0.0,0.0,0.0,0.0,0.0,0.0,0.0,0.0,0.0,0.0,0.0,0.0,0.0,0.0,0.0,0.0,0.0,0.0,0.0,0.0,0.0,0.0,0.0
TOS11000513,Quercianella,mm,43.4795624901,10.3476862193968,1609019.98,4814969.55,244.0,19.4,19.4,19.3,17.2,16.7,16.1,14.4,12.4,12.7,14.7,16.6,17.8,16.8,16.8,17.6,18.0,15.7,15.4,16.4,17.6,16.1,16.2,15.3,15.7,16.5,17.9,18.2,18.0,18.8,19.8,21.4
TOS01001284,Radda in Chianti,mm,43.4860264800064,11.3791108131409,1692414.87,4817554.89,495.0,0.0,0.0,0.0,0.0,0.0,0.0,0.0,0.0,0.0,0.0,0.0,0.0,0.0,0.0,0.0,0.0,0.0,0.0,0.0,0.0,0.0,0.0,0.0,0.0,0.0,0.0,0.0,0.0,0.0,0.0,0.0
TOS11000061,Radicofani,mm,42.9482874004,11.7331319818,1722995.9,4758712.82,618.0,18.2,19.1,19.6,17.5,15.2,14.6,12.7,10.9,11.3,12.6,14.8,15.9,14.9,14.0,16.4,16.7,12.1,13.0,14.1,15.9,15.1,14.5,14.3,12.9,13.6,15.3,17.3,16.1,17.5,19.3,21.5
TOS01000979,Razzuolo,mm,44.0315840014648,11.4677256345749,1697774.78,4878357.41,637.0,0.0,0.0,0.0,0.0,0.0,0.0,0.0,0.0,0.0,0.0,0.0,0.0,0.0,0.0,0.0,0.0,0.0,0.0,0.0,0.0,0.0,0.0,0.0,0.0,0.0,0.0,0.0,0.0,0.0,0.0,0.0
TOS03000278,Renaio,mm,44.1087875211027,10.5268201644959,1622217.93,4885104.85,1013.0,15.4,16.7,17.8,14.3,12.6,10.3,9.5,7.1,7.5,9.6,11.0,12.1,12.1,11.4,12.6,13.8,10.2,9.0,10.1,12.4,11.6,12.1,9.5,10.5,11.4,13.1,13.2,12.8,15.0,17.8,19.2
TOS02000079,Retignano,mm,44.0050260199117,10.271503329277,1601963.25,4873232.72,420.0,0.0,0.0,0.0,0.0,0.0,0.0,0.0,0.0,0.0,0.0,0.0,0.0,0.0,0.0,0.0,0.0,0.0,0.0,0.0,0.0,0.0,0.0,0.0,0.0,0.0,0.0,0.0,0.0,0.0,0.0,0.0
TOS03000715,Rigomagno,mm,43.262591,11.695261,1718783.36,4793519.15,395.0,18.8,19.5,20.3,17.0,16.4,15.1,13.9,11.7,12.4,14.1,15.8,15.7,15.3,14.5,16.7,16.9,13.1,13.6,13.9,16.7,15.7,15.5,15.7,13.8,14.8,16.2,17.6,16.7,18.5,20.2,21.7
TOS11000059,Ripa d'Orcia,mm,43.027280959477,11.582485452656,1710435.9,4767096.82,506.0,17.9,19.0,19.2,17.2,15.8,16.2,13.3,11.1,11.8,13.1,14.8,16.0,15.4,14.2,16.1,16.8,12.4,12.9,14.4,16.2,15.3,14.6,15.6,13.6,14.0,15.6,17.7,16.4,17.8,19.7,21.6
TOS02004311,Ripafratta,mm,43.8188590462346,10.4142572351643,1613761.61,4852742.01,11.0,17.6,17.5,18.0,16.5,16.5,17.6,16.1,12.6,13.7,14.6,15.9,16.4,16.2,17.4,17.3,17.3,16.9,14.7,14.9,17.7,16.6,16.7,15.7,16.0,16.3,16.6,17.5,17.7,18.6,20.0,20.6
TOS01002231,Riparbella,mm,43.3674406389091,10.6022270916775,1629844.9,4802882.13,230.0,20.2,20.6,20.4,18.4,17.7,16.7,14.4,12.1,12.6,14.8,16.5,17.5,16.5,16.3,17.5,18.6,15.4,15.1,16.2,17.9,16.4,16.3,16.4,15.8,16.9,17.4,18.9,18.8,19.1,21.3,22.6
TOS11000005,Rispescia,mm,42.7061742937422,11.1445470086836,1675662.34,4730432.47,25.0,18.5,18.9,19.4,17.6,18.4,19.4,17.5,14.9,15.8,16.2,16.9,17.0,17.3,18.8,18.0,19.0,17.0,15.3,17.3,18.9,18.6,18.4,19.5,18.1,18.2,17.7,19.1,19.6,20.1,22.3,21.9
TOS09001088,Rocca Sigillina,mm,44.3663545465093,9.95640814304352,1576235.76,4913024.93,484.0,0.0,0.0,0.0,0.0,0.0,0.0,0.0,0.0,0.0,0.0,0.0,0.0,0.0,0.0,0.0,0.0,0.0,0.0,0.0,0.0,0.0,0.0,0.0,0.0,0.0,0.0,0.0,0.0,0.0,0.0,0.0
TOS03003019,Roccalbegna,mm,42.7863851574518,11.5057238069312,1704978.56,4740154.66,522.0,0.0,0.0,0.0,0.0,0.0,0.0,0.0,0.0,0.0,0.0,0.0,0.0,0.0,0.0,0.0,0.0,0.0,0.0,0.0,0.0,0.0,0.0,0.0,0.0,0.0,0.0,0.0,0.0,0.0,0.0,0.0
TOS03002531,Roccastrada,mm,43.0162771001025,11.1651850794091,1676466.95,4764913.03,504.0,0.0,0.0,0.0,0.0,0.0,0.0,0.0,0.0,0.0,0.0,0.0,0.0,0.0,0.0,0.0,0.0,0.0,0.0,0.0,0.0,0.0,0.0,0.0,0.0,0.0,0.0,0.0,0.0,0.0,0.0,0.0
TOS11000015,Roccatederighi,mm,43.0328259064026,11.0638195897922,1668161.41,4766542.77,475.0,15.5,15.9,16.5,14.8,15.1,15.1,13.8,10.9,11.5,12.4,12.8,13.1,14.5,13.3,14.1,14.9,12.4,11.0,14.0,15.7,14.9,15.1,14.8,14.6,14.4,13.6,15.3,15.7,16.7,18.2,18.6
TOS01000991,Ronta,mm,44.0090483828061,11.436408162117,1695339.19,4875779.65,380.0,0.0,0.0,0.0,0.0,0.0,0.0,0.0,0.0,0.0,0.0,0.0,0.0,0.0,0.0,0.0,0.0,0.0,0.0,0.0,0.0,0.0,0.0,0.0,0.0,0.0,0.0,0.0,0.0,0.0,0.0,0.0
TOS01000961,S. Agata di Mugello,mm,44.0206942715915,11.3372092173825,1687350.28,4876842.88,357.0,0.0,0.0,0.0,0.0,0.0,0.0,0.0,0.0,0.0,0.0,0.0,0.0,0.0,0.0,0.0,0.0,0.0,0.0,0.0,0.0,0.0,0.0,0.0,0.0,0.0,0.0,0.0,0.0,0.0,0.0,0.0
TOS01001634,S. Baronto,mm,43.8451085083912,10.9062361224577,1653258.9,4856451.47,442.0,0.0,0.0,0.0,0.0,0.0,0.0,0.0,0.0,0.0,0.0,0.0,0.0,0.0,0.0,0.0,0.0,0.0,0.0,0.0,0.0,0.0,0.0,0.0,0.0,0.0,0.0,0.0,0.0,0.0,0.0,0.0
TOS01005377,S. Dalmazio,mm,43.253492802221,10.9435685033431,1657796.07,4790815.11,247.0,15.9,16.5,17.1,15.4,15.4,15.4,13.9,11.3,12.2,13.7,13.7,15.0,13.6,14.9,15.3,16.4,13.6,12.7,13.4,16.2,15.6,15.2,15.0,14.6,14.0,14.5,15.9,16.7,17.5,19.4,20.1
TOS03003099,S. Donato,mm,42.5537441718038,11.2370824813843,1683688.88,4713702.01,21.0,17.2,17.7,17.6,16.6,17.5,19.2,18.1,15.4,16.0,15.6,16.0,16.5,16.5,17.7,17.0,18.2,16.7,14.2,16.9,18.6,17.6,18.1,18.9,17.9,17.4,16.5,18.2,19.2,19.4,21.1,20.5
TOS03002476,S. Ferdinando,mm,43.0700712305636,10.8148265546918,1647786.92,4770210.25,334.0,0.0,0.0,0.0,0.0,0.0,0.0,0.0,0.0,0.0,0.0,0.0,0.0,0.0,0.0,0.0,0.0,0.0,0.0,0.0,0.0,0.0,0.0,0.0,0.0,0.0,0.0,0.0,0.0,0.0,0.0,0.0
TOS11000052,S. Fiora,mm,42.8544802987822,11.5557932853699,1708844.63,4747839.81,813.0,14.2,15.6,15.1,13.8,12.9,12.5,11.4,9.0,9.4,10.5,11.3,11.5,11.7,12.4,12.7,13.1,9.9,9.4,11.0,13.5,13.3,12.6,12.0,11.9,11.3,12.6,14.5,13.9,15.2,17.1,16.8
TOS01001419,S. Gimignano,mm,43.4713556036533,11.0412899806301,1665136.53,4815199.95,306.0,18.9,20.1,20.8,18.0,17.0,14.9,13.9,12.0,11.8,14.2,15.7,17.2,16.0,15.5,17.3,18.2,14.2,14.9,15.0,17.7,16.2,15.9,16.0,14.6,15.7,17.2,18.0,17.8,18.9,20.6,22.7
TOS01005191,S. Giovanni alla Vena valle,mm,43.6845859404321,10.5853378772736,1627805.14,4838078.4,7.63,18.0,17.9,18.7,16.7,16.8,17.8,15.8,12.5,13.3,15.0,16.2,16.8,16.3,17.6,17.8,17.9,16.2,14.8,14.4,17.8,16.4,16.4,16.0,16.5,16.4,16.6,17.6,18.0,18.8,20.6,21.3
TOS09001083,S. Giustina,mm,44.3617025874897,9.89669144153595,1571483.22,4912454.4,205.0,0.0,0.0,0.0,0.0,0.0,0.0,0.0,0.0,0.0,0.0,0.0,0.0,0.0,0.0,0.0,0.0,0.0,0.0,0.0,0.0,0.0,0.0,0.0,0.0,0.0,0.0,0.0,0.0,0.0,0.0,0.0
TOS01001215,S. Giusto,mm,43.7599520295814,11.1937648057938,1676622.55,4847566.45,42.0,19.1,19.1,20.4,18.0,17.8,16.9,16.5,13.5,14.6,15.9,17.1,17.8,17.5,18.5,19.4,18.7,16.6,16.2,15.4,19.2,17.5,17.8,16.8,16.9,16.9,17.5,18.4,19.1,20.3,22.3,23.1
TOS03002001,S. Luce,mm,43.4723833048861,10.5649520959091,1626605.92,4814479.6,196.0,0.0,0.0,0.0,0.0,0.0,0.0,0.0,0.0,0.0,0.0,0.0,0.0,0.0,0.0,0.0,0.0,0.0,0.0,0.0,0.0,0.0,0.0,0.0,0.0,0.0,0.0,0.0,0.0,0.0,0.0,0.0
TOS02000431,S. Marcello Pistoiese,mm,44.055375585255,10.788558125496,1643293.33,4879594.25,618.0,17.1,18.1,19.2,16.6,15.4,13.7,13.0,9.9,11.2,11.4,12.9,13.7,13.9,13.1,14.8,15.8,12.5,11.9,12.5,16.0,13.7,14.8,12.7,12.5,13.8,15.3,15.3,15.0,17.8,19.5,20.3
TOS03003179,S. Martino,mm,42.782206,10.269164,1603842.66,4737426.44,320.0,0.0,0.0,0.0,0.0,0.0,0.0,0.0,0.0,0.0,0.0,0.0,0.0,0.0,0.0,0.0,0.0,0.0,0.0,0.0,0.0,0.0,0.0,0.0,0.0,0.0,0.0,0.0,0.0,0.0,0.0,0.0
TOS01001491,S. Miniato (Cimitero),mm,43.6840311986947,10.8314788341522,1647645.29,4838425.48,102.0,19.6,19.5,20.3,17.3,17.4,17.0,15.7,12.4,13.6,15.7,17.2,17.7,16.7,17.7,18.7,18.9,16.2,16.1,15.3,18.5,16.6,16.9,16.1,16.7,17.9,17.5,18.5,18.8,19.5,21.6,22.4
TOS11000045,S. Miniato Poggio al Pino,mm,43.6795020606,10.8935519873,1652659.9,4838034.82,117.0,19.5,19.5,20.1,17.5,17.3,17.0,15.7,12.6,13.7,15.8,17.3,17.8,16.8,17.8,18.6,19.1,16.2,16.0,15.1,18.7,16.6,17.0,16.4,16.7,17.8,17.6,18.3,18.4,19.8,22.0,22.7
TOS01004621,S. Piero a Sieve-Sieve,mm,43.9651054700954,11.3280126726991,1686787.54,4870647.71,222.0,0.0,0.0,0.0,0.0,0.0,0.0,0.0,0.0,0.0,0.0,0.0,0.0,0.0,0.0,0.0,0.0,0.0,0.0,0.0,0.0,0.0,0.0,0.0,0.0,0.0,0.0,0.0,0.0,0.0,0.0,0.0
TOS11000032,S. Pietro a Marcigliano,mm,43.9059513595156,10.592987537384,1627948.49,4862676.31,238.0,19.9,20.3,20.4,17.6,16.7,16.5,15.5,12.3,13.3,15.1,16.8,17.5,17.0,17.4,17.8,18.8,15.8,15.6,15.8,18.1,16.4,17.0,15.5,15.9,17.0,17.4,17.9,18.1,19.4,20.9,22.4
TOS11000035,S. Vincenzo,mm,43.0524708281,10.5557162601,1626726.9,4767831.82,14.0,17.3,17.3,17.8,18.0,18.9,19.1,16.7,13.9,14.6,16.3,15.5,16.5,17.0,18.2,17.1,17.8,18.1,13.5,18.3,19.4,18.4,17.7,18.6,17.8,17.0,16.3,18.6,18.4,19.4,19.7,20.6
TOS03002283,S. Vincenzo porto,mm,43.098262,10.5368552,1625097.66,4772888.74,1.0,18.5,18.9,19.3,19.6,19.3,19.1,17.3,14.8,15.2,16.7,17.1,17.6,17.9,18.1,18.3,18.7,18.4,16.1,18.2,19.9,19.2,17.8,19.2,17.9,18.1,18.0,19.6,19.4,19.7,20.3,21.4
TOS01000651,Salutio,mm,43.6151358433782,11.8131914208799,1727032.39,4832989.9,315.0,0.0,0.0,0.0,0.0,0.0,0.0,0.0,0.0,0.0,0.0,0.0,0.0,0.0,0.0,0.0,0.0,0.0,0.0,0.0,0.0,0.0,0.0,0.0,0.0,0.0,0.0,0.0,0.0,0.0,0.0,0.0
TOS11000057,Sambuca,mm,43.5949512391002,11.2342443180703,1680374.89,4829327.68,325.0,18.8,19.8,20.6,18.0,17.9,15.5,14.8,12.5,13.0,14.3,16.0,17.0,16.3,15.9,17.9,17.8,14.1,15.1,15.0,18.3,16.6,16.4,16.1,14.8,15.3,17.0,18.0,18.2,19.3,20.7,22.6
TOS03001241,Sammommè,mm,44.0369238113167,10.9204253950119,1653903.8,4877782.61,785.0,15.5,16.1,16.7,13.5,12.2,11.9,10.5,7.8,8.6,9.8,11.4,11.9,11.6,12.1,13.3,13.8,10.1,10.0,10.3,12.6,11.8,12.8,10.6,10.5,11.4,12.4,12.6,13.2,14.9,16.9,17.9
TOS11000010,Santermo,mm,43.5320423852,10.5783499986,1627563.9,4821125.82,210.0,20.1,20.4,20.9,18.0,17.7,16.5,14.8,12.7,12.7,15.4,17.1,18.3,17.2,17.4,18.3,19.1,15.7,15.4,16.0,18.6,16.3,16.9,16.5,16.1,17.0,18.5,19.4,19.2,19.8,21.9,22.8
TOS11000093,Santomato,mm,43.9470571325755,10.9877326708253,1659537.47,4867929.02,125.0,19.0,18.2,19.3,17.1,16.4,16.7,15.6,12.8,13.7,15.1,16.2,16.6,16.4,16.3,17.6,17.8,15.9,15.0,15.2,18.2,16.1,17.2,15.5,15.9,17.6,16.7,17.7,18.0,19.5,21.8,22.1
TOS01002181,Sassa,mm,43.257955773966,10.6913709640503,1637313.89,4790865.62,398.0,19.2,19.6,20.5,17.3,16.2,15.7,13.7,11.4,12.0,13.8,15.4,16.9,15.4,15.6,17.1,18.0,14.4,14.4,15.4,17.3,15.7,15.6,15.7,14.9,15.9,16.7,18.0,17.8,18.1,20.9,22.4
TOS01002381,Sassetta,mm,43.1241348126285,10.6398671865463,1633424.6,4775920.83,351.0,19.1,20.2,20.6,16.7,15.7,16.3,13.9,11.8,12.4,14.2,15.9,16.2,15.4,15.6,16.9,17.5,14.9,13.2,15.1,16.4,15.5,15.8,15.4,15.4,16.1,16.4,17.7,17.4,18.3,20.2,21.7
TOS03003071,Scansano,mm,42.6938309706495,11.329382149643,1690838.29,4729462.8,576.0,17.7,19.0,18.9,16.5,14.0,14.2,13.0,11.4,11.8,12.3,14.4,15.4,14.4,14.5,16.1,16.5,13.1,12.7,13.3,14.5,14.6,14.5,14.2,14.0,15.0,15.2,16.4,16.3,17.2,19.8,21.5
TOS11000025,Scorgiano,mm,43.3662705449382,11.1514253603796,1674346.24,4803753.45,233.0,17.4,17.8,18.5,15.9,16.8,16.0,14.6,11.8,13.0,14.5,15.2,16.0,15.3,15.1,17.0,17.3,14.5,14.1,13.8,17.6,16.3,15.9,16.1,15.6,15.6,16.0,17.3,17.2,18.4,20.5,21.1
TOS02000401,Selva dei Porci,mm,44.0720910859076,10.7942015322666,1643704.92,4881460.69,755.0,0.0,0.0,0.0,0.0,0.0,0.0,0.0,0.0,0.0,0.0,0.0,0.0,0.0,0.0,0.0,0.0,0.0,0.0,0.0,0.0,0.0,0.0,0.0,0.0,0.0,0.0,0.0,0.0,0.0,0.0,0.0
TOS11000055,Semproniano,mm,42.730977101282,11.5965134103145,1712594.28,4734226.2,485.0,18.4,19.7,19.4,17.0,15.6,15.0,14.2,12.7,12.7,13.8,15.3,15.2,15.9,15.4,16.6,16.5,13.2,13.4,14.3,15.9,16.0,15.6,15.0,15.1,14.7,16.1,17.8,16.9,18.7,20.3,21.7
TOS01001561,Serra Pistoiese,mm,43.9723128569819,10.755962880771,1640878.94,4870312.31,790.0,0.0,0.0,0.0,0.0,0.0,0.0,0.0,0.0,0.0,0.0,0.0,0.0,0.0,0.0,0.0,0.0,0.0,0.0,0.0,0.0,0.0,0.0,0.0,0.0,0.0,0.0,0.0,0.0,0.0,0.0,0.0
TOS11000026,Sestino,mm,43.7496376548325,12.2746946518439,1763683.58,4849295.14,1000.0,14.0,15.5,17.0,14.9,13.5,10.8,10.6,9.1,8.6,9.4,9.9,11.3,11.8,10.5,12.0,13.6,7.4,9.2,10.2,12.8,13.3,11.3,11.4,7.8,9.2,12.0,14.2,12.8,14.5,15.5,17.1
TOS11000063,Siberia,mm,43.5916354274,10.5437463984,1624644.9,4827691.82,41.0,18.9,18.4,19.1,17.0,17.4,17.8,16.0,13.0,13.7,15.7,16.7,17.4,17.1,18.3,18.1,18.9,16.5,14.8,14.8,18.1,16.7,16.9,16.4,17.1,16.8,17.8,18.5,18.9,19.5,20.7,21.3
TOS01002661,Siena Poggio al Vento,mm,43.3204477140485,11.3125920295715,1687546.02,4799013.84,348.0,19.9,20.5,21.0,17.1,16.6,14.7,14.2,12.3,12.4,15.1,16.2,16.3,15.6,16.1,17.5,18.5,14.6,14.5,14.7,17.3,16.0,16.4,15.3,15.4,15.9,17.4,18.4,17.8,19.4,21.9,23.0
TOS01001379,Simignano,mm,43.29205001405,11.1672339510648,1675841.2,4795543.72,420.0,0.0,0.0,0.0,0.0,0.0,0.0,0.0,0.0,0.0,0.0,0.0,0.0,0.0,0.0,0.0,0.0,0.0,0.0,0.0,0.0,0.0,0.0,0.0,0.0,0.0,0.0,0.0,0.0,0.0,0.0,0.0
TOS03000109,Soliera,mm,44.2023201756353,10.0625002384186,1584925.05,4894909.15,120.0,0.0,0.0,0.0,0.0,0.0,0.0,0.0,0.0,0.0,0.0,0.0,0.0,0.0,0.0,0.0,0.0,0.0,0.0,0.0,0.0,0.0,0.0,0.0,0.0,0.0,0.0,0.0,0.0,0.0,0.0,0.0
TOS03005355,Solvay Pluvio,mm,43.3822165515063,10.433052778244,1616109.76,4804273.74,2.0,0.0,0.0,0.0,0.0,0.0,0.0,0.0,0.0,0.0,0.0,0.0,0.0,0.0,0.0,0.0,0.0,0.0,0.0,0.0,0.0,0.0,0.0,0.0,0.0,0.0,0.0,0.0,0.0,0.0,0.0,0.0
TOS11000091,Sorana,mm,43.9690941535097,10.7163905029729,1637712.17,4869888.0,560.0,18.9,20.0,20.4,16.1,15.2,13.7,12.8,10.1,10.8,12.5,14.5,15.2,14.9,14.3,16.5,17.3,13.3,12.9,13.5,15.8,14.7,14.7,13.1,13.6,15.3,15.7,15.6,16.1,17.6,19.5,21.6
TOS03002761,Sovicille,mm,43.2762942866471,11.2298598671249,1680968.43,4793927.65,260.0,0.0,0.0,0.0,0.0,0.0,0.0,0.0,0.0,0.0,0.0,0.0,0.0,0.0,0.0,0.0,0.0,0.0,0.0,0.0,0.0,0.0,0.0,0.0,0.0,0.0,0.0,0.0,0.0,0.0,0.0,0.0
TOS03002819,Spineta,mm,42.9512102803769,11.8530038744563,1732764.48,4759362.51,633.0,0.0,0.0,0.0,0.0,0.0,0.0,0.0,0.0,0.0,0.0,0.0,0.0,0.0,0.0,0.0,0.0,0.0,0.0,0.0,0.0,0.0,0.0,0.0,0.0,0.0,0.0,0.0,0.0,0.0,0.0,0.0
TOS01005342,Stagno,mm,43.5999732433535,10.3521305322647,1609161.97,4828348.25,1.11,0.0,0.0,0.0,0.0,0.0,0.0,0.0,0.0,0.0,0.0,0.0,0.0,0.0,0.0,0.0,0.0,0.0,0.0,0.0,0.0,0.0,0.0,0.0,0.0,0.0,0.0,0.0,0.0,0.0,0.0,0.0
TOS01000581,Stia,mm,43.8017811102716,11.7176055908203,1718639.13,4853463.19,537.0,0.0,0.0,0.0,0.0,0.0,0.0,0.0,0.0,0.0,0.0,0.0,0.0,0.0,0.0,0.0,0.0,0.0,0.0,0.0,0.0,0.0,0.0,0.0,0.0,0.0,0.0,0.0,0.0,0.0,0.0,0.0
TOS11000105,Stia Monte,mm,43.8316361319098,11.7013138532639,1717220.23,4856736.24,838.0,15.5,16.5,18.9,15.4,14.3,11.1,10.7,9.4,9.4,10.5,12.1,12.2,13.8,11.9,12.8,13.9,9.3,10.1,10.5,13.9,13.0,12.4,11.6,9.9,11.0,13.6,14.5,14.1,15.8,17.5,19.3
TOS11000042,Stiacciole,mm,42.7888482818,11.1757717917,1677982.9,4739678.82,53.0,17.9,18.6,18.1,16.9,17.2,18.9,16.3,13.8,15.1,15.5,16.5,16.5,16.9,17.5,17.5,18.1,15.8,14.1,15.8,17.9,17.6,17.9,17.6,17.6,18.1,17.4,18.4,19.0,20.0,22.2,21.9
TOS03001550,Stiappa Siap,mm,43.9949013858,10.7112444503,1637239.9,4872745.82,605.0,0.0,0.0,0.0,0.0,0.0,0.0,0.0,0.0,0.0,0.0,0.0,0.0,0.0,0.0,0.0,0.0,0.0,0.0,0.0,0.0,0.0,0.0,0.0,0.0,0.0,0.0,0.0,0.0,0.0,0.0,0.0
TOS01004725,Strada in Chianti,mm,43.664319974058,11.3145424576712,1686641.75,4837209.64,144.0,0.0,0.0,0.0,0.0,0.0,0.0,0.0,0.0,0.0,0.0,0.0,0.0,0.0,0.0,0.0,0.0,0.0,0.0,0.0,0.0,0.0,0.0,0.0,0.0,0.0,0.0,0.0,0.0,0.0,0.0,0.0
TOS11000102,Strettoia,mm,43.9930460584402,10.2093350887299,1596998.85,4871827.15,124.0,21.0,21.3,21.2,18.7,18.0,16.9,16.6,13.9,14.6,16.8,18.2,19.2,18.2,18.5,19.5,19.9,18.5,16.6,17.3,18.9,17.8,18.1,16.7,17.6,18.2,19.0,19.3,19.5,20.2,22.0,23.0
TOS19000102,Strettoia1,mm,43.9914560089837,10.2072429656982,1596833.68,4871648.09,70.0,0.0,0.0,0.0,0.0,0.0,0.0,0.0,0.0,0.0,0.0,0.0,0.0,0.0,0.0,0.0,0.0,0.0,0.0,0.0,0.0,0.0,0.0,0.0,0.0,0.0,0.0,0.0,0.0,0.0,0.0,0.0
TOS11000070,Suvereto,mm,43.0657290711223,10.6855988502502,1637275.12,4769508.5,35.0,18.9,19.0,18.8,17.3,17.5,18.5,16.6,14.0,14.4,16.2,16.6,16.9,17.4,18.0,18.2,18.6,17.0,14.4,16.3,18.5,17.7,18.1,17.3,17.7,18.0,17.5,19.0,19.2,20.0,22.2,22.7
TOS11000021,Tavarnelle,mm,43.5719092116882,11.1625096530442,1674651.05,4826615.28,374.0,19.1,20.1,20.6,18.0,17.0,15.0,14.1,12.2,12.2,14.4,15.6,17.1,16.0,15.7,17.3,18.3,13.8,14.9,14.7,17.6,15.9,15.8,15.6,14.4,15.2,16.9,17.6,17.8,18.8,20.7,22.6
TOS09001230,Tendola,mm,44.1560057807051,10.0338108846449,1582697.42,4889735.68,410.0,17.9,17.8,18.8,15.3,14.6,13.9,13.3,10.3,10.6,12.5,14.2,15.1,14.3,15.3,14.6,15.9,14.8,12.8,13.1,16.1,13.5,14.7,14.0,14.0,14.6,15.1,15.4,16.1,17.1,19.0,19.6
TOS02000339,Tereglio,mm,44.0598455627244,10.5677855014801,1625599.84,4879730.47,590.0,0.0,0.0,0.0,0.0,0.0,0.0,0.0,0.0,0.0,0.0,0.0,0.0,0.0,0.0,0.0,0.0,0.0,0.0,0.0,0.0,0.0,0.0,0.0,0.0,0.0,0.0,0.0,0.0,0.0,0.0,0.0
TOS11000016,Terricciola,mm,43.5418228712939,10.6494753833606,1633289.52,4822323.58,127.0,19.6,19.6,20.2,17.3,17.2,17.4,15.0,12.6,12.9,15.4,16.6,17.3,16.8,17.8,17.9,18.5,16.0,14.9,14.9,18.3,16.1,16.8,16.6,16.3,17.1,17.5,18.7,18.6,19.8,21.2,22.0
TOS02000064,Terrinca,mm,44.0285409202718,10.27563393116,1602253.98,4875849.61,840.0,0.0,0.0,0.0,0.0,0.0,0.0,0.0,0.0,0.0,0.0,0.0,0.0,0.0,0.0,0.0,0.0,0.0,0.0,0.0,0.0,0.0,0.0,0.0,0.0,0.0,0.0,0.0,0.0,0.0,0.0,0.0
TOS03004003,Torano,mm,44.0910352460468,10.1033321619034,1588353.39,4882591.58,142.0,0.0,0.0,0.0,0.0,0.0,0.0,0.0,0.0,0.0,0.0,0.0,0.0,0.0,0.0,0.0,0.0,0.0,0.0,0.0,0.0,0.0,0.0,0.0,0.0,0.0,0.0,0.0,0.0,0.0,0.0,0.0
TOS02004081,Torre del Lago,mm,43.8318153682703,10.3068336557152,1605100.03,4854038.95,1.0,19.1,19.0,19.6,18.6,18.0,18.4,17.0,14.3,15.0,16.0,17.1,18.1,18.0,18.4,19.0,19.1,18.3,16.5,17.0,19.0,18.0,17.7,17.1,17.7,18.1,18.3,18.7,19.1,20.0,20.8,21.9
TOS03003063,Torricelle,mm,42.6421242613877,11.4251425060903,1698847.57,4723941.6,170.0,17.9,18.8,18.7,16.1,16.2,17.2,15.8,14.3,14.0,14.7,16.4,16.2,16.5,17.2,17.2,16.7,15.8,14.6,14.8,16.7,16.7,17.7,16.8,17.0,17.1,17.6,17.6,18.3,19.7,21.2,21.7
TOS03000855,Trappola,mm,43.6189880565514,11.6526374060821,1714062.79,4832991.13,869.0,16.8,18.0,18.9,15.4,14.3,11.1,11.1,9.2,9.1,10.8,12.8,14.1,13.4,11.9,13.9,14.8,9.8,10.4,10.7,14.0,13.5,12.2,11.8,10.7,12.2,14.1,14.6,15.6,16.4,18.1,19.8
TOS09001180,Turano,mm,44.2464417246341,10.1516838366877,1591982.25,4899905.86,500.0,17.3,17.6,18.5,15.4,14.1,12.7,12.0,9.3,9.8,11.4,13.4,14.2,13.7,13.5,13.9,15.1,14.2,11.6,12.6,15.3,13.4,14.2,12.9,13.0,14.0,14.6,15.5,15.2,16.5,19.3,19.9
TOS01004921,Turbone,mm,43.7186054635669,11.0359114408493,1664028.36,4842649.71,45.0,0.0,0.0,0.0,0.0,0.0,0.0,0.0,0.0,0.0,0.0,0.0,0.0,0.0,0.0,0.0,0.0,0.0,0.0,0.0,0.0,0.0,0.0,0.0,0.0,0.0,0.0,0.0,0.0,0.0,0.0,0.0
TOS03003053,Usi,mm,42.7183037033306,11.4909795445551,1703995.81,4732558.34,411.0,18.0,19.2,19.7,16.3,15.7,15.3,14.1,12.6,12.9,14.0,15.4,15.0,15.6,15.8,16.3,15.8,14.2,14.0,14.3,16.1,15.8,15.8,15.2,15.5,16.2,16.7,17.6,16.7,18.4,20.8,21.3
TOS02000191,Vagli di Sotto,mm,44.10854556,10.28942639,1603220.14,4884752.93,581.0,0.0,0.0,0.0,0.0,0.0,0.0,0.0,0.0,0.0,0.0,0.0,0.0,0.0,0.0,0.0,0.0,0.0,0.0,0.0,0.0,0.0,0.0,0.0,0.0,0.0,0.0,0.0,0.0,0.0,0.0,0.0
TOS01000941,Vaglia,mm,43.9083388676673,11.2748556564472,1682696.88,4864223.67,340.0,0.0,0.0,0.0,0.0,0.0,0.0,0.0,0.0,0.0,0.0,0.0,0.0,0.0,0.0,0.0,0.0,0.0,0.0,0.0,0.0,0.0,0.0,0.0,0.0,0.0,0.0,0.0,0.0,0.0,0.0,0.0
TOS03002640,Vagliagli,mm,43.4207434099839,11.3459343370811,1689936.29,4810228.23,524.0,0.0,0.0,0.0,0.0,0.0,0.0,0.0,0.0,0.0,0.0,0.0,0.0,0.0,0.0,0.0,0.0,0.0,0.0,0.0,0.0,0.0,0.0,0.0,0.0,0.0,0.0,0.0,0.0,0.0,0.0,0.0
TOS01001961,Valle Benedetta,mm,43.5212038106386,10.4038358056851,1613482.94,4819669.27,300.0,19.3,19.8,19.8,17.1,16.2,15.3,14.0,12.1,12.0,14.0,15.7,16.9,15.5,15.4,16.9,17.7,14.8,14.5,14.9,16.5,15.6,15.7,15.1,15.3,15.8,17.0,17.6,17.5,17.9,20.0,21.8
TOS02000108,Vallelunga,mm,43.9690187945975,10.3361437042074,1607210.13,4869315.38,671.0,17.4,18.2,18.9,15.6,13.6,12.6,11.6,9.4,9.9,11.8,13.3,14.7,13.3,13.3,14.7,15.5,12.9,11.5,12.5,14.0,14.1,13.0,12.2,12.5,13.4,14.4,14.3,14.7,15.8,18.3,19.8
TOS01000901,Vallombrosa,mm,43.7313674985662,11.5568205714226,1705946.48,4845230.11,980.0,14.4,14.5,15.3,13.6,13.5,10.6,9.2,7.2,7.6,9.0,10.2,11.1,10.9,9.7,11.6,11.9,8.6,8.5,8.9,12.2,11.9,10.7,10.6,9.5,10.8,11.3,12.1,12.8,13.8,15.9,16.5
TOS01000571,Vallucciole,mm,43.8420216985025,11.6574758291245,1713658.39,4857775.52,745.0,0.0,0.0,0.0,0.0,0.0,0.0,0.0,0.0,0.0,0.0,0.0,0.0,0.0,0.0,0.0,0.0,0.0,0.0,0.0,0.0,0.0,0.0,0.0,0.0,0.0,0.0,0.0,0.0,0.0,0.0,0.0
TOS01000025,Vara,mm,44.0837625913739,10.1296520233154,1590471.43,4881812.38,409.0,20.7,21.3,21.4,17.6,16.3,14.3,14.2,11.8,12.4,14.3,16.5,17.8,16.0,16.3,17.3,18.8,16.6,15.0,15.3,16.7,16.5,15.9,14.5,15.7,17.1,17.6,17.1,17.5,18.9,21.6,22.8
TOS01005489,Vecchia SS Aurelia,mm,43.0190101380753,10.6139630729366,1631542.04,4764205.54,12.0,0.0,0.0,0.0,0.0,0.0,0.0,0.0,0.0,0.0,0.0,0.0,0.0,0.0,0.0,0.0,0.0,0.0,0.0,0.0,0.0,0.0,0.0,0.0,0.0,0.0,0.0,0.0,0.0,0.0,0.0,0.0
TOS02004365,Vecchiano,mm,43.7805140870197,10.3988868951053,1612597.53,4848462.2,6.0,0.0,0.0,0.0,0.0,0.0,0.0,0.0,0.0,0.0,0.0,0.0,0.0,0.0,0.0,0.0,0.0,0.0,0.0,0.0,0.0,0.0,0.0,0.0,0.0,0.0,0.0,0.0,0.0,0.0,0.0,0.0
TOS11000004,Venturina,mm,42.9934731692,10.6406850546,1633774.9,4761411.82,8.0,17.3,17.3,17.4,16.4,17.0,18.2,16.4,13.6,14.1,15.4,15.7,16.0,16.8,17.3,17.3,17.7,16.8,13.7,16.1,18.0,17.7,17.6,17.0,17.4,17.6,17.0,18.4,18.6,19.3,20.5,21.6
TOS02000047,Vergheto,mm,44.0944894493872,10.1706790924072,1593739.19,4883049.69,845.0,0.0,0.0,0.0,0.0,0.0,0.0,0.0,0.0,0.0,0.0,0.0,0.0,0.0,0.0,0.0,0.0,0.0,0.0,0.0,0.0,0.0,0.0,0.0,0.0,0.0,0.0,0.0,0.0,0.0,0.0,0.0
TOS01001171,Vernio,mm,44.0566764643598,11.1205574856121,1669883.12,4880369.81,695.0,0.0,0.0,0.0,0.0,0.0,0.0,0.0,0.0,0.0,0.0,0.0,0.0,0.0,0.0,0.0,0.0,0.0,0.0,0.0,0.0,0.0,0.0,0.0,0.0,0.0,0.0,0.0,0.0,0.0,0.0,0.0
TOS02004091,Viareggio 1,mm,43.8676683126113,10.2594816684723,1601232.22,4857961.94,0.0,0.0,0.0,0.0,0.0,0.0,0.0,0.0,0.0,0.0,0.0,0.0,0.0,0.0,0.0,0.0,0.0,0.0,0.0,0.0,0.0,0.0,0.0,0.0,0.0,0.0,0.0,0.0,0.0,0.0,0.0,0.0
TOS03000481,Viareggio Lungomare,mm,43.8718380519318,10.2403429774933,1599687.43,4858401.8,25.0,18.3,18.2,18.5,17.8,17.4,17.6,16.5,14.0,14.4,15.4,16.4,17.4,17.3,17.8,18.2,18.0,17.5,16.2,16.7,18.4,17.7,17.1,17.4,17.1,17.4,17.6,18.3,18.5,18.9,19.8,20.5
TOS01000861,Villa dell'Olio,mm,43.5917952629676,11.6047328710556,1710292.15,4829848.52,300.0,0.0,0.0,0.0,0.0,0.0,0.0,0.0,0.0,0.0,0.0,0.0,0.0,0.0,0.0,0.0,0.0,0.0,0.0,0.0,0.0,0.0,0.0,0.0,0.0,0.0,0.0,0.0,0.0,0.0,0.0,0.0
TOS02000203,Villacollemandina,mm,44.1593435254171,10.386128056805,1610863.96,4890520.93,502.0,0.0,0.0,0.0,0.0,0.0,0.0,0.0,0.0,0.0,0.0,0.0,0.0,0.0,0.0,0.0,0.0,0.0,0.0,0.0,0.0,0.0,0.0,0.0,0.0,0.0,0.0,0.0,0.0,0.0,0.0,0.0
TOS09001120,Villafranca,mm,44.2911365622917,9.94858577520253,1575709.14,4904662.87,121.0,17.0,16.6,17.4,16.0,16.2,16.2,14.9,12.0,12.1,13.4,14.8,15.3,15.2,15.9,15.4,16.4,16.4,14.1,14.6,17.4,15.4,16.5,15.1,15.8,15.6,15.9,16.8,17.1,17.8,20.1,19.8
TOS11000100,Villafranca,mm,44.2503174776504,9.96889650821686,1577383.08,4900147.89,156.0,17.5,17.1,17.8,15.6,15.8,16.1,14.9,11.5,12.3,13.5,15.1,15.7,15.3,16.5,15.6,16.5,16.7,14.2,14.3,17.5,14.8,16.3,15.4,15.3,15.4,15.9,16.7,17.1,17.8,20.0,20.1
TOS01001011,Villore,mm,43.9643084646243,11.5410372201751,1703879.9,4871063.6,365.0,15.7,16.2,17.4,15.7,15.1,14.6,13.8,11.6,12.7,13.2,14.7,13.9,14.4,14.8,14.6,14.8,12.8,13.0,12.7,16.2,14.9,14.9,14.1,13.3,14.0,14.5,15.2,15.6,17.6,18.4,19.3
TOS01001371,Vinci,mm,43.7857930699189,10.9595175669939,1657697.95,4849963.61,250.0,0.0,0.0,0.0,0.0,0.0,0.0,0.0,0.0,0.0,0.0,0.0,0.0,0.0,0.0,0.0,0.0,0.0,0.0,0.0,0.0,0.0,0.0,0.0,0.0,0.0,0.0,0.0,0.0,0.0,0.0,0.0
TOS03001145,Vingone,mm,43.743094638843,11.1822556269836,1675745.41,4845669.68,54.0,0.0,0.0,0.0,0.0,0.0,0.0,0.0,0.0,0.0,0.0,0.0,0.0,0.0,0.0,0.0,0.0,0.0,0.0,0.0,0.0,0.0,0.0,0.0,0.0,0.0,0.0,0.0,0.0,0.0,0.0,0.0
TOS01001664,Volterra,mm,43.4090460119076,10.8622491359711,1650809.5,4807940.3,462.0,0.0,0.0,0.0,0.0,0.0,0.0,0.0,0.0,0.0,0.0,0.0,0.0,0.0,0.0,0.0,0.0,0.0,0.0,0.0,0.0,0.0,0.0,0.0,0.0,0.0,0.0,0.0,0.0,0.0,0.0,0.0
TOS11000502,Zoo di Poppi,mm,43.736,11.7825,1724105.17,4846330.51,417.0,16.7,17.1,18.6,16.7,16.3,15.0,14.7,11.6,12.5,13.6,14.6,14.7,13.8,13.7,14.1,14.6,13.0,11.5,12.1,16.2,15.7,15.6,15.4,13.9,14.2,15.1,16.0,15.8,18.4,19.7,19.7
